Directory structure:
└── Heart_Disease_Project/
    ├── README.md
    ├── LICENSE
    ├── requirements.txt
    ├── data/
    │   ├── interim/
    │   │   ├── cv_scores.csv
    │   │   ├── gridsearch_rf.csv
    │   │   ├── kmeans_summary.csv
    │   │   └── supervised_metrics.csv
    │   ├── processed/
    │   │   └── .gitkeep
    │   └── raw/
    │       └── heart.csv
    ├── deployment/
    │   ├── README.md
    │   └── ngrok_setup.txt
    ├── models/
    │   ├── final_model.pkl
    │   ├── grid_best.json
    │   ├── metadata.json
    │   ├── metrics.json
    │   └── .gitkeep
    ├── notebooks/
    │   ├── 01_data_preprocessing.ipynb
    │   ├── 02_pca_analysis.ipynb
    │   ├── 03_feature_selection.ipynb
    │   ├── 04_supervised_learning.ipynb
    │   ├── 05_unsupervised_learning.ipynb
    │   └── 06_hyperparameter_tuning.ipynb
    ├── reports/
    │   └── evaluation_metrics.txt
    ├── scripts/
    │   ├── finalize_project.py
    │   └── make_notebooks.py
    ├── src/
    │   └── heart_disease/
    │       ├── __init__.py
    │       ├── dataset.py
    │       ├── features.py
    │       ├── plots.py
    │       └── modeling/
    │           ├── predict.py
    │           ├── train.py
    │           └── unsupervised.py
    ├── ui/
    │   └── app.py
    ├── .devcontainer/
    │   └── devcontainer.json
    └── .github/
        └── workflows/
            └── ci.yml

================================================
FILE: README.md
================================================
https://heartdiseaseproject-xku9hnxglpqmf6ktajerwx.streamlit.app/
```markdown
# Heart Disease Prediction & Analysis System 

![Python](https://img.shields.io/badge/Python-3.8%2B-blue.svg)
![Scikit-Learn](https://img.shields.io/badge/Scikit--Learn-Machine%20Learning-orange.svg)
![Streamlit](https://img.shields.io/badge/Streamlit-Web%20App-red.svg)
![Status](https://img.shields.io/badge/Status-Completed-success.svg)

##  About The Project
This project was developed as part of an advanced data science training program in collaboration with **Sprite & Microsoft**. It is an end-to-end Machine Learning pipeline designed to predict the risk of heart disease based on clinical parameters. 

The project goes beyond simple classification by incorporating comprehensive data preprocessing, hyperparameter tuning, unsupervised learning for data exploration, and an interactive Arabic web application for real-time risk assessment.

##  Key Features
- **Robust ML Pipeline:** Utilizes `scikit-learn` Pipelines with `ColumnTransformer` to handle both numerical scaling (`StandardScaler`) and categorical encoding (`OneHotEncoder`) seamlessly.
- **Model Evaluation:** Evaluates multiple algorithms (Logistic Regression, Decision Tree, Random Forest, SVC) using Stratified K-Fold Cross Validation.
- **Hyperparameter Tuning:** Implements `GridSearchCV` to find the optimal parameters for the Random Forest Classifier.
- **Unsupervised Learning:** Explores natural data groupings using KMeans Clustering, PCA (Principal Component Analysis) for dimensionality reduction, and Hierarchical Clustering dendrograms.
- **Interactive UI:** Features a fully functional web interface built with **Streamlit** (in Arabic), allowing users to input medical parameters, adjust decision thresholds, and view prediction probabilities interactively.

##  Repository Structure
```text
Heart_Disease_Project/
│
├── data/                   # Contains the heart.csv dataset
├── src/                    # Source code for model training scripts
├── ui/                     # Streamlit web application files
├── models/                 # Saved models (final_model.pkl) and metadata
├── results/                # Evaluation metrics, PCA scatters, and CSV reports
├── finalize_project.py     # Main script to run CV, grid search, and generate artifacts
├── requirements.txt        # Python dependencies
└── README.md               # Project documentation

```

##  Installation & Setup

**1. Clone the repository:**

```bash
git clone [https://github.com/yahyalababenah/Heart_Disease_Project.git](https://github.com/yahyalababenah/Heart_Disease_Project.git)
cd Heart_Disease_Project

```

**2. Install dependencies:**
It is recommended to use a virtual environment.

```bash
pip install -r requirements.txt

```

**3. Run the ML Pipeline:**
To train the model, perform cross-validation, and generate all clustering visualizations and metrics, run:

```bash
python finalize_project.py

```

*(Check the `results/` folder for generated artifacts like `supervised_metrics.csv` and `pca_scatter.png`)*

**4. Launch the Web Application:**
To start the Streamlit interactive UI:

```bash
streamlit run ui/app.py 

```

*(Note: Replace `app.py` with the exact name of your python file inside the `ui` folder)*

##  Data Source

The dataset used in this project features clinical attributes such as age, sex, chest pain type (cp), resting blood pressure (trestbps), cholesterol levels (chol), and ECG results to predict the presence of heart disease (`target` variable). Provided via the Sprite & Microsoft training program.

##  Contributing

Contributions, issues, and feature requests are welcome! Feel free to check the issues page if you want to contribute.

##  License

This project is open-source and available under the [MIT License](LICENSE).

```




================================================
FILE: LICENSE
================================================
MIT License

Copyright (c) 2026 yahyalababenah

Permission is hereby granted, free of charge, to any person obtaining a copy
of this software and associated documentation files (the "Software"), to deal
in the Software without restriction, including without limitation the rights
to use, copy, modify, merge, publish, distribute, sublicense, and/or sell
copies of the Software, and to permit persons to whom the Software is
furnished to do so, subject to the following conditions:

The above copyright notice and this permission notice shall be included in all
copies or substantial portions of the Software.

THE SOFTWARE IS PROVIDED "AS IS", WITHOUT WARRANTY OF ANY KIND, EXPRESS OR
IMPLIED, INCLUDING BUT NOT LIMITED TO THE WARRANTIES OF MERCHANTABILITY,
FITNESS FOR A PARTICULAR PURPOSE AND NONINFRINGEMENT. IN NO EVENT SHALL THE
AUTHORS OR COPYRIGHT HOLDERS BE LIABLE FOR ANY CLAIM, DAMAGES OR OTHER
LIABILITY, WHETHER IN AN ACTION OF CONTRACT, TORT OR OTHERWISE, ARISING FROM,
OUT OF OR IN CONNECTION WITH THE SOFTWARE OR THE USE OR OTHER DEALINGS IN THE
SOFTWARE.



================================================
FILE: requirements.txt
================================================
numpy
pandas
scikit-learn
matplotlib
joblib
streamlit>=1.30.0
imbalanced-learn



================================================
FILE: data/interim/cv_scores.csv
================================================
model,mean_roc_auc,mean_f1,mean_precision,mean_recall,mean_accuracy
dummy,0.5,0.0,0.0,0.0,0.5
logreg,0.8957561728395061,0.8411523752171959,0.8526919362237223,0.8305555555555555,0.8430555555555556
dt,0.7694444444444445,0.7677991754242024,0.7730518743172864,0.763888888888889,0.7694444444444445
rf,0.9179591049382715,0.8348268958939686,0.8395881595881598,0.8305555555555557,0.836111111111111
svm,0.9185570987654321,0.8547299464994721,0.8690284560965733,0.8416666666666666,0.8569444444444445



================================================
FILE: data/interim/gridsearch_rf.csv
================================================
mean_fit_time,std_fit_time,mean_score_time,std_score_time,param_clf__max_depth,param_clf__min_samples_split,param_clf__n_estimators,params,split0_test_score,split1_test_score,split2_test_score,split3_test_score,split4_test_score,mean_test_score,std_test_score,rank_test_score
0.5313515663146973,0.0799063060740745,0.0306088924407959,0.00047393135170088085,,2,200,"{'clf__max_depth': None, 'clf__min_samples_split': 2, 'clf__n_estimators': 200}",0.9087577160493827,0.9168595679012346,0.9253472222222222,0.9109760802469137,0.9347029320987654,0.9193287037037038,0.009593729140548351,9
0.9392563819885253,0.06630197212495673,0.06784181594848633,0.02289584700242808,,2,400,"{'clf__max_depth': None, 'clf__min_samples_split': 2, 'clf__n_estimators': 400}",0.9124228395061729,0.9146412037037037,0.9220679012345679,0.9150270061728395,0.9365354938271605,0.920138888888889,0.008814341126891976,5
0.4380343914031982,0.010020642926395297,0.030850934982299804,0.0006370289663257211,,5,200,"{'clf__max_depth': None, 'clf__min_samples_split': 5, 'clf__n_estimators': 200}",0.9166666666666666,0.9133873456790124,0.9180169753086419,0.9176311728395062,0.9344135802469136,0.9200231481481481,0.007377406775733871,7
0.8984889030456543,0.022727148719145027,0.059136581420898435,0.010708173610391294,,5,400,"{'clf__max_depth': None, 'clf__min_samples_split': 5, 'clf__n_estimators': 400}",0.912037037037037,0.9133873456790123,0.9184027777777777,0.9164737654320987,0.9359567901234569,0.9192515432098766,0.008648001371230967,10
0.48209776878356936,0.03292393505800735,0.03565535545349121,0.006796533653903862,10,2,200,"{'clf__max_depth': 10, 'clf__min_samples_split': 2, 'clf__n_estimators': 200}",0.9168595679012347,0.9170524691358025,0.9205246913580246,0.9187885802469136,0.9390432098765432,0.9224537037037038,0.008400400274700395,1
0.9411718845367432,0.042641071648749425,0.06011066436767578,0.01141970890471843,10,2,400,"{'clf__max_depth': 10, 'clf__min_samples_split': 2, 'clf__n_estimators': 400}",0.9193672839506173,0.9143518518518519,0.9205246913580247,0.918016975308642,0.9398148148148149,0.9224151234567902,0.008943963043729712,2
0.44673738479614256,0.023211428652973664,0.030751848220825197,0.0009653457696083112,10,5,200,"{'clf__max_depth': 10, 'clf__min_samples_split': 5, 'clf__n_estimators': 200}",0.9128086419753086,0.9157021604938271,0.9216820987654321,0.9236111111111112,0.935570987654321,0.921875,0.007885862868508287,3
0.9155967235565186,0.038384014765423,0.062250709533691405,0.0083623547540062,10,5,400,"{'clf__max_depth': 10, 'clf__min_samples_split': 5, 'clf__n_estimators': 400}",0.9143518518518519,0.9130015432098766,0.9207175925925927,0.9224537037037037,0.9373070987654322,0.9215663580246914,0.00865660275523851,4
0.46047167778015136,0.021548392927653544,0.03745431900024414,0.011514690419517243,20,2,200,"{'clf__max_depth': 20, 'clf__min_samples_split': 2, 'clf__n_estimators': 200}",0.908468364197531,0.9166666666666667,0.9258294753086421,0.9106867283950617,0.9341242283950617,0.9191550925925928,0.00959931279700503,12
0.8863251209259033,0.021626435905505028,0.05457472801208496,0.0007573827357655332,20,2,400,"{'clf__max_depth': 20, 'clf__min_samples_split': 2, 'clf__n_estimators': 400}",0.9119405864197531,0.9145447530864198,0.9224537037037038,0.9147376543209876,0.9360532407407407,0.919945987654321,0.008787704611209155,8
0.46912508010864257,0.0307803103370176,0.030142498016357423,0.00021731166990928387,20,5,200,"{'clf__max_depth': 20, 'clf__min_samples_split': 5, 'clf__n_estimators': 200}",0.9166666666666666,0.9133873456790124,0.918016975308642,0.9176311728395062,0.9344135802469136,0.9200231481481482,0.007377406775733865,6
0.8711556911468505,0.18273434387622073,0.06271924972534179,0.02139537732026915,20,5,400,"{'clf__max_depth': 20, 'clf__min_samples_split': 5, 'clf__n_estimators': 400}",0.912037037037037,0.9133873456790123,0.9185956790123456,0.9164737654320987,0.935570987654321,0.919212962962963,0.008495892466660628,11



================================================
FILE: data/interim/kmeans_summary.csv
================================================
pc1,pc2,cluster,target
0.7335698117315916,1.8970656147853873,2,0
2.9218285470241065,3.5810684383585314,2,1
3.136428967375209,1.9159449883485034,2,1
-0.6552909204287097,-0.263607594807408,1,0
-2.6219268868297516,1.7109810184685377,1,0
-2.2659978817571655,0.5322852612176274,1,0
1.3220409226236252,3.4467659132356463,2,1
-0.9548633996217124,1.0720428494736511,1,0
1.2108378780845563,1.2983605412187298,2,1
2.8853997534007565,1.067959026796667,2,1
0.22159571135062853,-0.7392045951901615,0,0
-1.3838388660020438,2.1009017017151606,1,0
1.3634659534207954,1.953735707110076,2,1
-2.1241586644690136,-0.738032038833583,1,0
-0.2701546122900254,0.7704973994216862,1,0
-1.1236623521174223,0.7420898862332103,1,0
-0.6551081798933431,-1.4391519069827152,1,1
-0.9070751384968906,0.4832353062255594,1,0
-2.106123720783321,0.5300872189192427,1,0
-2.387629971340549,0.40593793933518896,1,0
-0.03495659520846724,1.3014191637203056,1,0
-2.081530647454992,3.6212125908863424,1,0
-0.9789896984806776,1.5354636966295065,1,1
0.6636379725861039,2.6904173226692927,2,1
2.9148598213905923,1.69384909901517,2,1
-1.4163641556536448,0.3232055629194278,1,0
-2.560182317090816,1.1693543850542623,1,0
0.12191855853171406,0.9205368060827842,1,0
-1.255333117561016,0.36861477065839654,1,0
1.758510354430724,-0.8565041689534608,0,1
-1.222376801907969,3.1191256888078454,1,0
1.5856286260373826,1.797711587229822,2,1
-1.4759132682981868,0.9808991602565339,1,1
0.19996114242916657,-0.6680445585179571,0,0
-1.406646186650295,-0.013599515663688697,1,0
-1.984895931139835,-0.08567968509124672,1,0
2.0129999776704532,-0.46464524507382154,0,1
2.1898433245605395,1.0978590713074277,2,1
1.769811962442692,0.025574905706078795,0,1
0.9673880183791881,1.1720497166386772,2,0
1.9575438784631582,2.999901783838143,2,1
-1.092708146135055,-0.5354066745448077,1,0
-1.2946627949914125,3.34638574924189,1,0
-0.5678488629773356,1.7204951231761771,2,0
-1.7444391331561706,2.360906676276783,1,1
0.5833073434576704,1.2583579634563877,2,1
-1.2209883233459633,-0.46468969927079623,1,0
1.4535873157926134,0.4874209810197804,0,1
-1.0315239323439909,4.574393875989836,2,0
0.138093127127179,1.4463643601392784,2,0
-3.167233856943026,0.6417780305282799,1,0
0.141355005265182,-0.5875692022855,0,0
-1.4399553882523697,1.4317009622047185,1,1
-2.8176718464923662,1.1921898418554955,1,0
1.4191006809899913,0.3770055094948318,0,1
2.6387668758765024,0.7578333967165829,2,1
-0.18639881917476794,-0.17494242423273626,1,1
-1.000594761103075,-0.41493196332256516,1,1
-0.21411554615319228,1.2804783234697512,2,0
-0.3703831606863184,1.8374886547083151,1,0
0.7928875711659401,-0.3421008252974852,0,1
0.15810599822587554,0.925040626694048,1,0
3.025352828260564,2.226575382967225,2,1
-2.204958010644608,1.9631609446440101,1,0
1.2962498432897558,-0.6913040859847313,0,1
2.9419037497760914,2.253709758449465,2,1
0.2896579250146339,1.6368353112516638,2,1
-0.23627932322389003,1.138098022867733,1,0
3.302851624471149,1.0768506969217302,2,1
0.05212828850794003,0.35197863146494657,1,1
-1.2481117499410035,1.5831853444280808,1,0
0.9886910040981024,1.6911443361400698,2,1
2.9859041375433164,0.38664341236039956,2,1
0.22267332216914354,2.2579966972881964,2,1
-1.7396666117587258,1.2862237234637446,1,1
-1.1987303765538124,3.0541725969946754,1,0
2.5363125116400207,1.2986956995194228,2,1
-1.1398793973833004,2.8723975714633525,1,0
-2.0340438358615973,1.009504010218321,1,0
1.7586431598342516,0.7077429757741895,0,1
0.8461895975826674,0.5529204884958625,0,0
-0.8800758835304511,1.3734301958164972,1,0
-2.5050141806497432,1.324463110793772,1,0
2.3533030795247294,2.4375917744942885,2,1
-2.6089805712515095,0.512796006224542,1,0
-2.207496371653797,1.217650017365096,1,0
-1.7641249301320463,1.2002267812281222,1,0
-0.8441814146412664,0.8412900281484522,1,0
-1.6670511345491494,1.8038836933039968,1,0
-1.8879680854903313,1.8108928600140093,1,0
-0.2655757456629783,1.3771051690133187,1,0
3.783980370692948,3.6421359616982625,2,1
1.3142346017545943,1.5196775446980422,2,0
-2.2522524080385953,-0.34472572133497564,1,0
-1.9904489927392064,2.349998883347229,1,0
0.3823898441064991,-0.07110034827217071,0,1
1.8200625734705866,0.7311674212382078,2,1
1.3424120174473713,2.8953204042549987,2,1
-1.6356380914564816,0.9415030629539729,1,0
-1.9294655220967103,1.0688683310714255,1,0
-2.1230894006418684,0.9935372025097989,1,0
-3.388769725364278,0.5664465437074349,1,0
-1.4400435141284686,2.680740398588116,1,0
-0.7763696415074992,3.6182681072651897,2,0
1.0289674014239165,0.7954253587331523,2,1
-1.6916520085330566,-0.49758836104628457,1,0
0.801656485820449,0.07855300828604955,0,1
0.23309261838578355,0.8977056927306883,2,1
2.649318286457975,0.3224947075348765,0,1
-0.014601928134639584,-1.6377510440418843,0,1
1.2847464390390473,1.2891859649787383,2,1
1.3320543626794992,2.474025282909181,2,1
-2.0161245764095654,0.3883486456783695,1,0
1.6458262460940238,1.8065516023172645,2,1
0.8896084416762273,0.39543601351702384,0,1
-1.041454634231688,-1.3527209372312559,1,0
-1.2130801729152434,2.4228501218924796,2,0
-2.2310898305278113,0.3214781282547519,1,0
2.6989783755708494,3.993890586801097,2,1
2.127680229273769,1.5530833150669587,2,1
1.1327342419168238,2.371263555768925,2,1
2.0481313988290553,4.3571610871272926,2,1
-0.10805264997943322,-0.637246555126266,0,0
4.079661044268149,-0.6464012829336643,0,1
-0.8192475707947178,3.623448704449696,2,1
-2.3636709932950444,1.4277800560129463,1,0
4.177187287491725,3.952919611541983,2,1
2.305785599132102,-0.36001431653254473,0,1
-2.779975524544449,-0.15381123328368476,1,0
-1.6863104861777476,0.7983272585655694,1,0
-0.18541777150263297,0.12753117356738675,1,0
-0.23178286939903095,-0.5540790021648723,1,0
-3.515894126138767,0.7112671619151982,1,0
-0.8055078701622735,1.4339298684504966,1,0
-2.209688645330239,-0.13900344590660965,1,0
-1.508237950901625,1.9449212327672205,1,0
3.4144748669664193,-0.6645204140640565,0,1
0.9615634339169651,1.0882266881785285,2,1
1.0990762113163868,-1.889753948015618,0,1
-0.3363687512984448,2.1846554600589903,2,0
-1.1035326368403149,0.49884090248455903,1,0
-0.6485166599562813,1.193517443108044,1,1
-2.387318267915319,1.1645779359284179,1,0
1.6073427617869833,-0.32332456415907695,0,1
0.6765112282582125,0.054457674315968825,0,0
-2.1285947297750716,-0.3254538897662826,1,1
2.33130430349791,3.532428584118453,2,1
-2.7337476270495116,-0.2790550065385014,1,0
-2.6168304460959857,1.356782156415089,1,0
-2.1874522343881733,1.5185569856831935,1,0
-0.921583637851374,0.8769444970867941,1,0
-1.0971141662868962,0.5508427885210379,1,0
-0.4399142027483525,2.33295071473428,1,0
1.9246577271350018,1.2702823687493643,2,1
2.8912640641769025,1.2644106194757614,2,1
2.079627259231349,3.7048664285969446,2,1
0.5046113266053894,-0.0795417240529736,0,1
-0.15069122919903546,2.138819886055483,2,1
0.9782720035681854,2.1957054955016004,2,1
-0.01797211370027093,0.7274704659519027,1,0
-1.619757135406241,-0.325459992304946,1,0
1.0120812687536909,4.071497578902476,2,1
-1.376231504425772,0.3337604072856111,1,0
-0.4391188554166637,1.119108362804695,1,0
-1.5484904189348792,2.267126559753466,2,0
0.267804316894053,-0.5892046672331478,0,0
-1.931473372818763,0.2572805763908176,1,0
-1.1210784790423538,3.5582103083368146,2,0
-0.24041281019909758,-0.1838184475837233,1,1
-2.208653140169536,-0.4957900526914442,1,0
3.1295232575883736,0.8859281502333265,2,1
1.2985370932609794,0.1463324033927591,0,0
0.3599947002997444,0.7943558440286715,0,1
-0.6011373519454992,2.469578490043759,1,0
1.956100093352381,2.209974088141387,2,1
2.8377659859239857,-0.23160659907513265,0,1
0.3621327397183662,1.7917049223871009,2,0
2.7201813674219957,0.8015709573479181,2,1
-1.3891496243784591,1.0881137810249313,1,0
-0.8678597909935984,4.218442618022723,2,0
-0.2338554231687863,0.08064236401874414,1,1
1.6544858083549332,2.7865308434532676,2,1
-2.18947087663639,2.8558252453110966,1,0
1.5289555182270516,1.5063958345146646,2,0
-1.3482722460975274,2.5145134249935817,1,1
-2.033042649261111,2.538171520369797,1,0
-0.5904969557342996,-0.5505029867107549,1,0
1.831826623700901,1.7250732719810942,2,1
-1.073459091061292,2.4166511456720077,1,1
1.8373028843157855,3.1005231528351707,2,1
-1.9529541828383528,-0.045395990835988026,1,0
3.486047234723837,1.587051358192873,2,1
1.116817284305405,0.4883514910201595,2,1
1.4520062760272512,3.610668997967769,2,1
0.003843429856587068,1.7197359244320796,1,0
1.5903860034707962,2.2918466781838096,2,1
-0.1639688062707784,3.3167125788451393,2,0
-0.3450848581584743,1.0467922918238386,1,0
-2.5706633329322974,0.806679871464749,1,0
-1.482396679301978,1.8801853680951994,1,1
-2.0406978727821823,1.4287009157786341,1,0
-0.17528916224209803,1.7463401497392714,1,0
-0.2548006747812947,1.1252625557634774,2,0
-0.6813376946934592,0.5507200582326175,1,0
-1.1893739138502692,-1.30585810699063,1,0
1.6144700803201115,1.9123065012282348,2,1
3.0049830074085513,1.8666303203644687,2,1
1.7996064574224002,-0.1287198086310236,0,1
-2.1317555436259648,0.37861863975813637,1,0
0.5319149993253312,0.9525021081117034,0,1
-3.0619644731126043,0.016208925401985565,1,0
-0.14783872267448092,-0.6389167818432316,1,1
-1.011967616124594,0.8381587687309433,1,0
2.1728972638725037,2.800676287826286,2,1
-1.381013666043922,0.47112908487919,1,1
-0.5813163056082123,0.5550588663116958,1,0
-3.3355233465071,0.22580569599537845,1,0
-0.38915244331027016,1.0661226061704006,1,0
0.6783600859667176,2.219489087301139,2,0
-1.411293450300415,1.770717268178025,1,0
-2.045568525215366,1.279571726404933,1,0
-2.478524660186691,1.7291802614539225,1,0
-3.3739522042899717,-0.20047728551436553,1,0
2.8375595544633945,0.15864789142209873,2,1
0.5411015902662966,2.0443011027151146,2,1
-3.695295514104436,0.2442678612673814,1,0
-1.4601214796300803,-0.5303469032828668,1,0
-1.626971468298747,2.3026280631788527,1,0
1.085337844914323,0.7204100913172335,0,1
0.6448951989938214,1.7659288948996725,2,1
-1.7032151804787854,1.404553275726001,1,0
1.858237856391462,1.9850398168791772,2,1
-0.22466954517850962,2.5628883079655234,2,1
-0.14151162172070017,2.94965140469434,2,0
-1.7360041158782764,1.630818303690639,1,0
2.325790845147145,2.419521718242182,2,1
3.127372042204963,0.6553362128294475,2,1
-0.3323885710186221,0.17420666567479337,1,1
-2.3906922344886117,0.4200427507408284,1,0
-2.803853927553658,-0.04581064407426563,1,0
-2.714256450176466,-0.4495082113060413,1,0
-3.271365366447344,0.5482742818907298,1,0
-2.122967413048308,0.5945333820535245,1,0
-0.21438135008160644,1.9534638364751657,2,1
-0.7977868254945524,1.082430622602905,1,0
1.1943272484328264,-0.3494864537773265,0,1
-0.4505374165802411,-0.19198767159001762,1,1
0.9539465265827851,0.9503940395914338,2,1
-0.009499055780915054,0.7130073205373555,2,1
-1.189974168719462,2.3234645772079725,2,0
1.5572622050011022,-1.0768079124046923,0,0
1.9752508625921454,-0.0957607771771366,0,1
2.2299258907925763,-0.3660981805297861,0,0
-2.1265228950266764,1.8933824716522643,1,0
-1.4372420711168201,-0.23537271397586004,1,0
-2.4552906609088336,-0.19181117848302312,1,0
-0.7511448102265188,2.0016243583331312,1,0
0.24043770573008502,1.5694418385008428,1,0
-1.0201228363777624,2.1801422312840932,1,0
-1.036641300702411,-0.4054492787828891,1,1
-1.6965326235517886,0.4879146837886018,1,0
-1.5169080451321124,4.5079496257659475,2,1
-2.5707323101796717,1.6064975879655783,1,0
-2.3679095546420443,-0.22604821808532197,1,0
2.580941719428677,1.9757643723728424,2,1
1.301863778699612,-0.9000306873374615,0,1
1.1701538846621462,-0.03005208369594416,2,1
1.0857398987125335,1.1103036351327786,2,1
-1.2243142590494975,-0.7465178631326921,1,1
-1.9726735494400194,-0.46040726349942335,1,0
2.029268433376876,1.5426157492601154,2,1
1.1476316158816613,1.7113285893791101,2,0
2.2627364312027316,0.33689855278237324,2,1
0.2139415835094519,0.4388909737806154,0,0
-1.6210221370345839,1.9527854385502748,1,1
-0.21160298421337767,1.2275113413881804,1,0
-0.747936941335892,2.776829817388677,1,0
-2.0510467050853736,-0.20403942261645516,1,0
-1.5303440548413976,2.443780263645841,1,1
-0.5324642187198406,0.1878974552549019,1,0
2.080388493278651,0.2069020154331454,0,1
-2.3695008590134052,0.15207318742456663,1,0
1.829265917181733,0.7240669959140775,0,1
-3.085416189941324,-0.5100755077326583,1,0
0.02870879676308811,0.3895479424261633,1,1
2.6914624498717106,2.1857276295613217,2,1
2.733173581321632,3.9145208801872995,2,1
-0.47471740961990877,-0.8349045816505499,1,0
-1.2664373582433839,0.7071408723872756,1,0
-1.4255530269782197,-0.447798192866899,1,0
0.686727283360162,0.9131918959108964,2,1
-2.44054680131984,1.478781241843254,1,0
1.9045830855837527,-1.5356844428372098,0,1
2.9957331945571304,2.6352123875118774,2,1
0.186432830353871,0.14422512968887788,0,1
-2.998192965219422,-0.3734111526033474,1,0
2.627731467345668,2.5402830635976583,2,1
1.1284043544135416,-0.5397969761609775,0,1
-1.0280368975938095,-1.1804475905257432,1,1
2.726857891905685,2.2104335085625966,2,1
2.35679250753736,-0.744676773632248,0,1
-1.905644542829646,2.3795411953516785,1,1
-2.3949418346413687,-0.362657666978413,1,0
-2.1330329824059664,-0.6144789195674016,1,0
-2.0795631699721424,-1.6288061752675511,1,0
-2.031668413210272,-1.3765718367725677,1,0
-2.5100604235787753,0.19329405798605404,1,0
-2.398708179972339,-0.8643455485760101,1,0
-2.616984236289978,-1.2835572599970673,1,0
-2.447637925622768,-1.5246527142163924,1,0
-1.8656191658863561,-1.465136647302867,1,0
-2.019411881070642,-1.220770777669478,1,0
-2.6755632815426784,-0.8621017370007633,1,0
-1.6457824009250062,-0.5851992164597787,1,0
-1.9376223000048165,-1.8491390856294823,1,0
-2.9799084644299305,-0.34406061189278664,1,0
-1.0965376735222807,-1.1432018271852054,1,0
-2.129118235495356,0.03612260918293945,1,0
-1.7520028926893623,-0.9454265944758756,1,0
-2.0862454517056253,-1.4804539607010818,1,0
-2.257777703550224,-0.3354810658223855,1,0
-1.6059702445186828,-1.3276377623991482,1,0
-1.2580622454243195,-1.292444631499163,1,0
-1.8137983502131938,-0.9851748430844336,1,0
-1.452263304269717,-1.022351059385166,1,0
-1.6093856314625505,-0.37541554648067293,1,0
-0.6812785786057344,-0.9892351575630294,1,0
-1.0992684357685407,-1.5375698438135144,1,0
-1.6870258516681804,-0.9633320175595432,1,0
-0.9706648319509092,-1.1846233953946141,1,0
-1.7828156014447596,-0.9095842851739911,1,0
-1.4962371372720136,-0.9784585041430076,1,0
-0.7134721744432442,-1.1619166764212732,1,0
-2.0845922763675286,-0.4520838173527147,1,0
-1.2309425074751115,-0.10000598494506438,1,0
-0.4617038596674821,-1.2902895494322115,1,0
-1.4634466390149683,-1.5023309499061912,1,0
-0.9874420314338435,-1.4912650323476366,1,0
-0.20040560773750038,-0.8513404961094183,1,0
-1.6285548970609538,-0.9849764964996498,1,0
-0.5874932431984721,-0.30639739291087686,1,0
-0.6237579080623828,-1.6614142950870776,1,0
-0.6027389803629353,-1.2661982119359785,1,0
-1.5009371859256968,-1.0923919942192497,1,0
-1.7802170481581592,-0.7767232603565151,1,0
-0.8310952566572195,-1.4499736125387588,1,0
-1.3822288091366461,-1.0371394518733514,1,0
-1.5643303079341202,-0.9422737263534249,1,0
-1.884014501568297,-0.3524379445816524,1,0
-2.360218585763039,-0.669861058002225,1,0
-1.8958839169043162,-0.6327004754206016,1,0
-1.6670623496811403,-0.4986914352938159,1,0
-1.914072294115208,-0.9681959012035428,1,0
-1.4114484576000335,-1.1761405235392983,1,0
-0.6751407110623701,-1.5686468494338728,1,0
-1.272747400118335,-0.5009858375373912,1,0
-1.4378401609871934,-1.3854733466421514,1,0
-1.5217072259839035,-1.343773699194269,1,0
-1.0075508930480184,-0.9107989171061562,1,0
0.3065278182136503,-1.140875011853472,0,0
-0.5277821502328103,-1.1884326730716934,1,0
-0.9588293022206973,-0.6709910973793575,1,0
-2.364948112846902,-0.9509780172164953,1,0
-2.118881334923898,-0.7095374818498014,1,0
-2.219233873913897,-0.041804976614042914,1,0
-2.2759718776623172,0.07213790331145933,1,0
-1.4302045163587747,-0.838135380760772,1,0
-1.6340052552664177,-0.48705100873938145,1,0
-2.1890084515358676,0.2619973828146921,1,0
-1.0118011542945629,-1.1455014982006262,1,0
-0.40660733756569084,-0.5898359031568752,1,0
-0.8867927176020706,-1.2177952506929743,1,0
-1.0550014249248685,-1.245093423581661,1,0
-0.8620850091164572,-0.31436682832516466,1,0
-2.0822156599419164,-0.3740724644167295,1,0
-1.7536967774211227,0.24456045780128832,1,0
-0.9048484911632351,-0.5145017181842877,1,0
-0.45935494992390385,-0.26804241775943993,1,0
-0.17844198176769782,-1.3750061540753695,0,0
-0.40596792894358474,-1.4265918587516857,1,0
-0.278128642966435,-1.1697098550041283,1,0
0.058742602330794355,-1.0700443110303903,0,0
-0.554213579878951,-0.729754209118419,1,0
-0.9452699013211945,-1.2205085807714426,1,0
-0.023698046367521854,-1.3243585299289493,0,0
0.2690101510702613,-0.23931397229909904,0,0
-0.9748184445175745,-0.35139999005703276,1,0
0.5418902973343177,-0.11187019254881064,0,0
-1.5190711329603606,0.20684891492898944,1,0
-0.5122419092490623,-0.2135299799917545,1,0
-1.8370724257356972,-1.0730866568448303,1,0
-1.3623618364273005,-0.3638764376434007,1,0
1.2008741634071793,-0.2529518310074973,0,0
-1.3365928035197467,1.0803014699229685,1,0
-1.3648031095688982,0.8717859120872135,1,0
-1.321577207357388,-0.5897511929978445,1,0
-0.8943019791724565,-0.9180714393280696,1,0
-1.1864393962249182,-0.11748565232564448,1,0
-0.23783256218075927,-0.3699871019061059,1,0
0.9182635561436924,-0.4001825246236569,0,0
-0.656511851256264,-1.6606987604619217,1,0
-1.368019437333191,-0.8316197468057005,1,0
-0.579272210388888,-1.0352489534899902,1,0
-0.7579664882638097,-1.4100062540856912,1,0
-1.9690796763173204,-0.5659068312338722,1,0
-1.9690796763173204,-0.5659068312338722,1,0
-1.869056963711358,-0.4571066341230356,1,0
-0.8638290136721708,-0.10524871754821424,1,0
-1.8609360529077523,-1.019329444948796,1,0
-0.9632531504337911,-0.861553332570598,1,0
0.11022091729368157,-0.9238481164789216,0,0
0.07657586631801842,-1.1173230007909825,0,0
-1.6623530169340415,-0.7151925925761864,1,0
0.9013770005683533,-0.5008827582576785,0,0
-1.3073012570821325,-1.118415209321702,1,0
-1.9024207450993058,-0.10957062400127397,1,0
-0.08009432031048172,-0.16905691511484056,1,0
0.1441774755559856,-1.354388713571231,0,0
0.9564285614866009,-1.0054599882569673,0,0
-1.5481512001660678,0.05149662728856411,1,0
-0.8052075474977388,-0.9784594876197547,1,0
-0.20396345747641215,0.32825831314036974,1,0
-0.748548730667787,-8.71998642914727e-05,1,0
-1.0061384931961597,-1.068344962091703,1,0
-1.0824858079092274,-0.8618617005594593,1,0
0.7806938587169783,-1.7106095281710332,0,0
-1.5597882282041216,-0.4818955368561123,1,0
-1.2577868156717427,-0.25343354204480856,1,0
-1.0359886470851476,-0.3768661306630559,1,0
0.920125456769358,-0.47115223594333855,0,0
-0.6957203186312861,-0.9802508878319592,1,0
0.2891303591170492,-1.2578290559921843,0,0
-0.973359543529112,-0.4605528375138985,1,0
-0.839441137030204,0.010064367217572237,1,0
-1.559026381681507,0.13468273464491576,1,0
0.33801807578909887,0.07105778648773084,0,0
-0.9071223653237059,-0.4567193548800926,1,0
-0.8235638220426214,-1.0247110939469828,1,0
-1.2312689819835714,-0.2882407253620023,1,0
-0.512978599635436,-1.1526352234059587,1,0
2.3107221810561502,-0.1310639352266127,0,0
-0.12907218181855976,-1.1049964274152704,0,0
-0.21979023327818825,-0.7478505533633242,1,0
-1.4893002216158069,0.13196115427935456,1,0
-1.1221073993713702,0.48482378477781823,1,0
-1.0902537296963275,0.08782953429498139,1,0
-1.484767983311257,0.4426393590729955,1,0
-1.2109907536915068,0.6282499751773698,1,0
-0.9374055424191212,-0.1279269806985386,1,0
-0.939017954663953,0.24564147681848636,1,0
-1.0119401360772073,-0.2757104969500974,1,0
-1.027335018208422,-1.0939173691977966,1,0
-1.1626691973219156,-0.7987890311618234,1,0
-0.45508823735016474,-1.0852865378948644,1,0
-0.40188155282915433,0.49142348728074753,1,0
-1.200930139888563,0.02391394772790704,1,0
-0.45772651914935375,-1.069209553837758,1,0
0.06260457816247388,-0.7964804629238695,0,0
0.04061557235595059,0.7701843580376676,1,0
-1.8338076369176952,0.5678962998266075,1,0
-1.6879448308712326,0.04316446819826251,1,0
-1.459186059163808,1.4388137358908655,1,0
-0.4194934288471959,-0.12278342139365855,1,0
-0.6341922646346305,-0.8770545707226192,1,0
-1.0113090179178867,-0.18998056029784804,1,0
-0.9673314532733266,-0.7980474081594549,1,0
-0.22132378525124807,0.06030768322587302,1,0
-0.13422753578690236,-0.9298679846775654,0,0
1.6660881214221486,-1.016644011293048,0,0
-0.9340849422933732,0.20141643818087707,1,0
-0.057394511755576,-1.1640713985228555,0,0
0.06619817050129832,-1.0137781474238903,0,0
0.5354011986784464,-0.25418705165191985,0,0
0.11834203766419382,-1.4757836659489605,0,0
-0.6644815124058646,0.040477220327246356,1,0
1.432229815559922,1.130647319172904,0,0
-0.4052144690622325,0.39894274911493727,1,0
-0.8619372629346244,-0.5943000850205543,1,0
-0.2350093696786787,-0.8116083013259575,1,0
-0.4654280841799963,-0.6519276942445797,1,0
0.8162301486837896,-1.0836815404192048,0,0
-0.47753183713960673,-0.16547826765403678,1,0
-0.8012876767239718,-0.2637761162228973,1,0
0.6323127285582777,0.09514743520938031,0,0
0.8881975194687134,-0.4711156358657285,0,0
0.23886382432368658,-0.6912041345401555,0,0
-0.105914210937789,0.32675267910820543,1,0
1.3118277925040758,0.5226558468323322,0,0
1.469550245642504,-0.2864151957902513,0,0
-0.712003019898553,0.14071749019239832,1,0
-0.8617305557349636,0.38574321438465836,1,0
0.2853884571317183,-1.4766209616002595,0,1
-0.39778604726249106,-1.3109834237680245,1,1
-2.350468528015287,-1.2672358347869923,1,1
-1.6710237823130987,-1.6291321367159706,1,1
-0.8564031980621796,-0.7316800188994084,1,1
1.122166957264217,-1.3926610249865983,0,1
-1.118818725561166,-1.698136640340949,1,1
-1.1903794034282997,-1.2836653969773375,1,1
1.0774741191410315,-1.9767342148287965,0,1
0.19062710906533065,-0.6434228747914351,0,1
-1.1970462601875178,-1.2709243482866386,1,1
0.7236982825061619,-1.426786655129388,0,1
1.5363390941506467,-0.8424228562019737,0,1
0.2951279721251073,-1.5809951833738447,0,1
0.10348798158584573,-1.8352849184855324,0,1
1.0506229608734468,-1.215498951013503,0,1
0.6460435763494552,-0.9866163161401388,0,1
2.2312408995376676,-1.273608719898568,0,1
0.26708959900875867,-0.6857766858868428,0,1
0.7401033962412862,-1.0050758132904252,0,1
1.8686096908142338,-0.8651598332046593,0,1
-0.6241399472691743,-0.05573611920002446,1,1
-1.3447215752807598,-0.8847728000121728,1,1
-0.6462722468783466,-1.0158617558196905,1,1
0.09658354765909642,-0.4745632659580182,0,1
-0.21289909180414707,-0.7659263865654561,1,1
0.6954141163113959,0.20277069868725472,0,1
1.8263803452120126,-0.8943268868760871,0,1
-0.05456505911809331,-1.0771926616137053,0,1
0.9119578413270567,-0.797544274688883,0,1
2.2267899234112916,-0.48549849676977885,0,1
0.5620405207633884,0.2318827354967702,0,1
-0.19655996812927629,-0.24966580651982148,1,1
1.4681693040448465,1.6456774226402464,2,1
0.44853651917483767,-0.9683051361378278,0,1
0.8770885946350006,-0.6228811902572104,0,1
2.8819883995306546,0.4982121582220646,2,1
-1.046603643016259,-1.027012258771142,1,1
0.34652123767347287,-1.5956574632503024,0,1
-0.9254414575817946,-1.511924153265391,1,1
-0.09697171428870488,0.09779275854045363,1,1
-1.9234261095499228,-0.37903501958688357,1,1
1.1807908310187385,-0.7291544037499144,0,1
0.9269724862624268,-1.6218991111765533,0,1
0.18238103162230612,-1.4829616293905388,0,1
1.9022470397113609,0.2948203494363694,2,1
2.6567946967368563,-0.725969101776862,0,1
2.1459991840479336,-0.6558518690231702,0,1
2.17166086619857,-0.42905745106490173,0,1
1.9244781809358056,-1.118312769242273,0,1
-0.29011412974510514,-1.242207030849875,0,1
1.9392263443947333,-0.47765519119475325,0,1
1.120518586081674,-1.3189682395484001,0,1
0.907699321853157,-0.8855583121543893,0,1
2.002504379846517,-1.1662355233937358,0,1
1.285038259147205,1.0986453204771804,2,1
1.3348892022319558,-1.0972956128624523,0,1
2.2364409984395324,0.0586212021336294,0,1
1.6676833999444027,-0.5755824537385775,0,1
2.005806292804688,0.17564900153360785,2,1
2.9428446908659454,-0.3980187850270499,0,1
1.1419016948359102,0.641081309578909,2,1
1.6503880540880138,-0.4200651377797344,0,1
0.5478188569052062,-0.7553669102496953,0,1
1.3448166789154214,-1.8632344224252728,0,1
0.7296769599183955,-0.17735696457903988,0,1
1.8148092552077464,-1.1159235760008446,0,1
-1.0679200916596863,0.7597401625163634,1,1
-1.3133462126373885,0.5949339473546347,1,1
1.3478401235647426,-0.6403791191885744,0,1
1.249487690712146,-0.8273298548489043,0,1
1.1467232201938213,-0.9061229633700332,0,1
0.12718287804369088,-0.7071042404826002,0,1
1.6436404639880469,-0.5432063283374174,0,1
1.5611886116980063,-0.926716597578567,0,1
1.6442033893786792,-0.18756176284160972,0,1
3.4704301106877344,0.18496942908748393,0,1
-0.49438502618824903,0.08132590981175994,1,1
2.1757481870734288,0.3664189743126674,0,1
1.1717433275185734,-0.864822741565846,0,1
-1.1156466579603768,-0.395895715163449,1,1
1.2174087378502647,0.9907699994715938,2,1
2.4316267382887538,-0.7116673267916217,0,1
-1.2030075555542175,0.0822468856382658,1,1
1.9857944994967591,-0.019065500745980585,0,1
2.1929716687135317,0.7905468301621651,0,1
1.7673624992516463,-0.23117375037311233,0,1
0.38740826531106193,-0.9132923784972128,0,1
1.8618020031333007,1.1989934635155415,2,1
2.9841232901060533,0.9831738155421398,2,1
2.4576902811062533,-0.6499348504341528,0,1
1.6145790377962637,-0.875295780456993,0,1
1.3101643378083367,-0.7939953269036456,0,1
-0.5295121620163153,-0.4877409367906424,1,1
1.487008701041995,-0.8880482337586872,0,1
1.6743126141665043,0.49604821380885983,0,1
1.4335422435079577,-1.6169223615298909,0,1
0.9915050365534516,-0.6918584118449373,0,1
2.6274551136912097,0.43686980658150737,0,1
1.8877324592075502,0.19885953578213422,0,1
1.6453672321938648,-0.5504606513357692,0,1
2.58247115372725,-0.3022867584099536,0,1
0.6658503917605213,0.02531159664196318,0,1
2.1755705049699374,1.1980755283454025,2,1
1.0429514052227538,0.665593455416412,0,1
2.009176637946465,0.05119194335807473,0,1
-2.044697147459427,-2.203536330367909,1,1
-1.189795809335512,-2.0570841243982256,1,1
0.9526255750567723,-2.6636061255759707,0,1
0.9589083315199826,-2.557233025622175,0,1
-0.9268529478151546,-0.930778144102984,1,1
-1.7527625615065265,-1.311068864209246,1,1
-2.4576587871986995,-2.075953680601886,1,0
0.4677469243460638,-2.699142212673205,0,1
-0.9520203061316432,-1.5823986772084144,1,1
0.6491668221023357,-1.6555365995662086,0,1
-1.0124934235908127,-1.6317264460860779,1,1
-0.7468621994618159,-1.2693166259542596,1,1
0.6896610819516565,-3.246282753392597,0,1
1.5721861430533592,-2.3137425316869535,0,1
0.8959248974777475,-2.665556811767266,0,1
1.438904720591126,-2.1031073100188196,0,1
0.8416607796160094,-1.1944392799792714,0,1
-1.1245097386445797,-1.8107983980632463,1,0
-0.9917874706568564,-2.3231874413593774,1,1
1.8873384786372869,-2.318666541541635,0,1
0.08705097259139126,-1.7533498012810103,0,1
0.8926275934877737,-1.055206756071525,0,1
-0.0056015145668539875,-0.772744213558731,0,1
1.660221308990029,-1.970411534664656,0,1
0.10684303675328037,-2.1700835716927283,0,1
-0.13315255661015338,-0.6312909555130908,0,1
1.3730566483529405,-2.132813994470882,0,1
0.25710920400180065,-0.9744499180411247,0,1
1.4194301396071498,-1.6125013663683414,0,1
0.7318461806257763,-0.8922778393485918,0,1
0.7431774325970376,-2.3763987063041965,0,1
0.3426699525019619,-0.7306327826703685,0,1
-1.0609346154901032,-1.3378918057789895,1,1
0.04612469678722792,-1.2740795690167475,0,1
0.9855714876167931,-1.7000440707595146,0,1
0.7961259592731412,-1.8891618221374522,0,1
0.7001740168686791,-2.096012509557799,0,1
2.200543068285244,-1.67205792693796,0,1
1.7589512384219372,-1.1699543349338553,0,1
1.7631774596351182,-2.6198933773835096,0,1
-0.5174433345098349,-1.4447596343788054,0,1
0.5419390642491528,-1.4087602245565893,0,0
0.17148326728642793,-2.3015026573030304,0,1
1.6436220052666615,-0.5815828023546056,0,1
0.6367802367906794,-2.176330345775024,0,1
0.5219891120469106,-1.258700806732861,0,1
1.8882371755849894,-0.7300626725421488,0,1
1.7904731984258964,-2.3845138055572486,0,0
0.09888913448824456,-1.892904907871263,0,1
2.8523337741940162,-1.5954154922964001,0,1
1.2679091890012095,-0.9467410715740113,0,1
-0.928283351491362,-0.3287582978073458,1,0
-0.07137423957573288,-1.711045617430983,0,1
0.8540470565853917,-1.3053298395252173,0,1
1.4966863866849187,-2.1356399386762965,0,1
0.7063005098976707,-2.1486343220987405,0,0
0.055282289724450435,-2.465622439368245,0,1
0.3328468529650151,-0.4354849655346225,0,1
0.3688836428828402,-1.4616941122782316,0,1
2.184155327889355,-2.3101730208360522,0,1
0.16833759882643606,-1.133368214121162,0,1
2.56686460978758,-1.1243901583350888,0,1
1.7496626282547854,-0.9865863092636704,0,1
-0.3227948626530711,-1.6832022406300786,0,1
1.5327862234681744,-0.11045899727979305,0,1
2.3525527918021107,-1.3079968544838332,0,1
1.9958249869575935,-1.831646239092518,0,1
3.091905139303982,-1.4172773682641435,0,1
0.05240402743760508,-1.9539050570840306,0,1
-0.045996844735552045,-1.2604097525573836,0,1
2.3530473643610295,-1.1680631372818726,0,1
1.7470084659918554,-0.30479690182219105,0,1
0.27914485627639024,-0.7499222293953108,0,1
0.9707936633726902,-2.0780001223527127,0,1
0.15757214323339816,-1.2579535995418432,0,1
1.4287505973184118,-1.2398323234307111,0,1
2.2987571770854833,-1.7064269279486877,0,1
0.1832096065546337,-0.7070311850459685,0,1
0.9519633085781269,-0.06660705236631213,0,1
2.707697546115679,-0.6126722824824785,0,1
2.5222929256289692,-1.7466430955958763,0,1
2.740452114708853,-1.0371992164333637,0,1
0.7230869167516089,-0.997285926725517,0,1
1.399751719802739,0.05807228731561245,0,1
1.6534460395435624,-1.3496144531055014,0,1
1.2040677861794271,-1.6049735253518786,0,1
2.5753239454625394,-2.4010966856266966,0,1
1.232951824821017,-0.705856529435821,0,1
2.3580977896318407,-1.4181617420341115,0,1
2.3293264842986936,-1.7234228930180908,0,1
2.816435441638035,-1.2564355204749773,0,1
1.5598829348743664,0.381724510626017,2,1
-1.6812125518917644,0.04913123203423028,1,1
2.273967500438401,-0.7147978913923174,0,1
-0.2936586277008962,0.9144031752770599,2,1
1.8368355851987297,-0.9811499902505885,0,1
2.8014714713036257,-1.6558643708312468,0,1
1.6374292838493347,-1.6819718528794192,0,1
2.6637364064937668,-0.8716046638147154,0,1
0.45330823321744557,-2.1173867400964728,0,1
0.8477239631896905,0.677066905397037,0,1
3.1977515490200505,-1.2197886237270825,0,1
1.363158731549538,0.6001190747446814,0,1
2.3583856312330775,-0.9084231193989762,0,1
1.4584189102702032,0.6603592743704881,0,1
0.5564822328267035,-1.3724133138948755,0,1
2.6371228462752514,-1.9710847200461337,0,1
2.3192832026991406,-2.071763770318291,0,1
2.089253345057513,-1.0594920064533424,0,1
0.475276980593811,-0.3394953086604038,0,0
1.7917622333140335,0.20814002462714187,2,1
1.4211182054964786,-1.003019002546739,0,1
3.1257464375068107,-1.1425346084643138,0,1
-0.5555551794620909,0.7445676554638981,1,1
1.7621443759229607,-0.6012880064992872,0,1
1.0433659477866357,-0.32344666001348876,0,1
0.9491434256212296,-1.1781122885535011,0,1
1.0421192082178552,-0.7450934831404435,0,1
2.57748886051374,-1.3482970854365643,0,1
2.6273826614728133,0.12025394896747088,2,1
2.3662660750257065,1.8817968009238626,2,0
-0.3737455809320152,1.2887614468584168,1,1
0.5531898828797225,0.423081359303862,0,1



================================================
FILE: data/interim/supervised_metrics.csv
================================================
model,roc_auc,f1,precision,recall,accuracy
logreg,0.8957561728395061,0.8411523752171959,0.8526919362237223,0.8305555555555555,0.8430555555555556
dt,0.7694444444444445,0.7677991754242024,0.7730518743172864,0.763888888888889,0.7694444444444445
rf,0.9179591049382715,0.8348268958939686,0.8395881595881598,0.8305555555555557,0.836111111111111
svm,0.9185570987654321,0.8547299464994721,0.8690284560965733,0.8416666666666666,0.8569444444444445



================================================
FILE: data/processed/.gitkeep
================================================
[Empty file]


================================================
FILE: data/raw/heart.csv
================================================
Age	Sex	ChestPainType	RestingBP	Cholesterol	FastingBS	RestingECG	MaxHR	ExerciseAngina	Oldpeak	ST_Slope	HeartDisease
40	M	ATA	140	289	0	Normal	172	N	0	Up	0
49	F	NAP	160	180	0	Normal	156	N	1	Flat	1
37	M	ATA	130	283	0	ST	98	N	0	Up	0
48	F	ASY	138	214	0	Normal	108	Y	1.5	Flat	1
54	M	NAP	150	195	0	Normal	122	N	0	Up	0
39	M	NAP	120	339	0	Normal	170	N	0	Up	0
45	F	ATA	130	237	0	Normal	170	N	0	Up	0
54	M	ATA	110	208	0	Normal	142	N	0	Up	0
37	M	ASY	140	207	0	Normal	130	Y	1.5	Flat	1
48	F	ATA	120	284	0	Normal	120	N	0	Up	0
37	F	NAP	130	211	0	Normal	142	N	0	Up	0
58	M	ATA	136	164	0	ST	99	Y	2	Flat	1
39	M	ATA	120	204	0	Normal	145	N	0	Up	0
49	M	ASY	140	234	0	Normal	140	Y	1	Flat	1
42	F	NAP	115	211	0	ST	137	N	0	Up	0
54	F	ATA	120	273	0	Normal	150	N	1.5	Flat	0
38	M	ASY	110	196	0	Normal	166	N	0	Flat	1
43	F	ATA	120	201	0	Normal	165	N	0	Up	0
60	M	ASY	100	248	0	Normal	125	N	1	Flat	1
36	M	ATA	120	267	0	Normal	160	N	3	Flat	1
43	F	TA	100	223	0	Normal	142	N	0	Up	0
44	M	ATA	120	184	0	Normal	142	N	1	Flat	0
49	F	ATA	124	201	0	Normal	164	N	0	Up	0
44	M	ATA	150	288	0	Normal	150	Y	3	Flat	1
40	M	NAP	130	215	0	Normal	138	N	0	Up	0
36	M	NAP	130	209	0	Normal	178	N	0	Up	0
53	M	ASY	124	260	0	ST	112	Y	3	Flat	0
52	M	ATA	120	284	0	Normal	118	N	0	Up	0
53	F	ATA	113	468	0	Normal	127	N	0	Up	0
51	M	ATA	125	188	0	Normal	145	N	0	Up	0
53	M	NAP	145	518	0	Normal	130	N	0	Flat	1
56	M	NAP	130	167	0	Normal	114	N	0	Up	0
54	M	ASY	125	224	0	Normal	122	N	2	Flat	1
41	M	ASY	130	172	0	ST	130	N	2	Flat	1
43	F	ATA	150	186	0	Normal	154	N	0	Up	0
32	M	ATA	125	254	0	Normal	155	N	0	Up	0
65	M	ASY	140	306	1	Normal	87	Y	1.5	Flat	1
41	F	ATA	110	250	0	ST	142	N	0	Up	0
48	F	ATA	120	177	1	ST	148	N	0	Up	0
48	F	ASY	150	227	0	Normal	130	Y	1	Flat	0
54	F	ATA	150	230	0	Normal	130	N	0	Up	0
54	F	NAP	130	294	0	ST	100	Y	0	Flat	1
35	M	ATA	150	264	0	Normal	168	N	0	Up	0
52	M	NAP	140	259	0	ST	170	N	0	Up	0
43	M	ASY	120	175	0	Normal	120	Y	1	Flat	1
59	M	NAP	130	318	0	Normal	120	Y	1	Flat	0
37	M	ASY	120	223	0	Normal	168	N	0	Up	0
50	M	ATA	140	216	0	Normal	170	N	0	Up	0
36	M	NAP	112	340	0	Normal	184	N	1	Flat	0
41	M	ASY	110	289	0	Normal	170	N	0	Flat	1
50	M	ASY	130	233	0	Normal	121	Y	2	Flat	1
47	F	ASY	120	205	0	Normal	98	Y	2	Flat	1
45	M	ATA	140	224	1	Normal	122	N	0	Up	0
41	F	ATA	130	245	0	Normal	150	N	0	Up	0
52	F	ASY	130	180	0	Normal	140	Y	1.5	Flat	0
51	F	ATA	160	194	0	Normal	170	N	0	Up	0
31	M	ASY	120	270	0	Normal	153	Y	1.5	Flat	1
58	M	NAP	130	213	0	ST	140	N	0	Flat	1
54	M	ASY	150	365	0	ST	134	N	1	Up	0
52	M	ASY	112	342	0	ST	96	Y	1	Flat	1
49	M	ATA	100	253	0	Normal	174	N	0	Up	0
43	F	NAP	150	254	0	Normal	175	N	0	Up	0
45	M	ASY	140	224	0	Normal	144	N	0	Up	0
46	M	ASY	120	277	0	Normal	125	Y	1	Flat	1
50	F	ATA	110	202	0	Normal	145	N	0	Up	0
37	F	ATA	120	260	0	Normal	130	N	0	Up	0
45	F	ASY	132	297	0	Normal	144	N	0	Up	0
32	M	ATA	110	225	0	Normal	184	N	0	Up	0
52	M	ASY	160	246	0	ST	82	Y	4	Flat	1
44	M	ASY	150	412	0	Normal	170	N	0	Up	0
57	M	ATA	140	265	0	ST	145	Y	1	Flat	1
44	M	ATA	130	215	0	Normal	135	N	0	Up	0
52	M	ASY	120	182	0	Normal	150	N	0	Flat	1
44	F	ASY	120	218	0	ST	115	N	0	Up	0
55	M	ASY	140	268	0	Normal	128	Y	1.5	Flat	1
46	M	NAP	150	163	0	Normal	116	N	0	Up	0
32	M	ASY	118	529	0	Normal	130	N	0	Flat	1
35	F	ASY	140	167	0	Normal	150	N	0	Up	0
52	M	ATA	140	100	0	Normal	138	Y	0	Up	0
49	M	ASY	130	206	0	Normal	170	N	0	Flat	1
55	M	NAP	110	277	0	Normal	160	N	0	Up	0
54	M	ATA	120	238	0	Normal	154	N	0	Up	0
63	M	ASY	150	223	0	Normal	115	N	0	Flat	1
52	M	ATA	160	196	0	Normal	165	N	0	Up	0
56	M	ASY	150	213	1	Normal	125	Y	1	Flat	1
66	M	ASY	140	139	0	Normal	94	Y	1	Flat	1
65	M	ASY	170	263	1	Normal	112	Y	2	Flat	1
53	F	ATA	140	216	0	Normal	142	Y	2	Flat	0
43	M	TA	120	291	0	ST	155	N	0	Flat	1
55	M	ASY	140	229	0	Normal	110	Y	0.5	Flat	0
49	F	ATA	110	208	0	Normal	160	N	0	Up	0
39	M	ASY	130	307	0	Normal	140	N	0	Up	0
52	F	ATA	120	210	0	Normal	148	N	0	Up	0
48	M	ASY	160	329	0	Normal	92	Y	1.5	Flat	1
39	F	NAP	110	182	0	ST	180	N	0	Up	0
58	M	ASY	130	263	0	Normal	140	Y	2	Flat	1
43	M	ATA	142	207	0	Normal	138	N	0	Up	0
39	M	NAP	160	147	1	Normal	160	N	0	Up	0
56	M	ASY	120	85	0	Normal	140	N	0	Up	0
41	M	ATA	125	269	0	Normal	144	N	0	Up	0
65	M	ASY	130	275	0	ST	115	Y	1	Flat	1
51	M	ASY	130	179	0	Normal	100	N	0	Up	0
40	F	ASY	150	392	0	Normal	130	N	2	Flat	1
40	M	ASY	120	466	1	Normal	152	Y	1	Flat	1
46	M	ASY	118	186	0	Normal	124	N	0	Flat	1
57	M	ATA	140	260	1	Normal	140	N	0	Up	0
48	F	ASY	120	254	0	ST	110	N	0	Up	0
34	M	ATA	150	214	0	ST	168	N	0	Up	0
50	M	ASY	140	129	0	Normal	135	N	0	Up	0
39	M	ATA	190	241	0	Normal	106	N	0	Up	0
59	F	ATA	130	188	0	Normal	124	N	1	Flat	0
57	M	ASY	150	255	0	Normal	92	Y	3	Flat	1
47	M	ASY	140	276	1	Normal	125	Y	0	Up	0
38	M	ATA	140	297	0	Normal	150	N	0	Up	0
49	F	NAP	130	207	0	ST	135	N	0	Up	0
33	F	ASY	100	246	0	Normal	150	Y	1	Flat	1
38	M	ASY	120	282	0	Normal	170	N	0	Flat	1
59	F	ASY	130	338	1	ST	130	Y	1.5	Flat	1
35	F	TA	120	160	0	ST	185	N	0	Up	0
34	M	TA	140	156	0	Normal	180	N	0	Flat	1
47	F	NAP	135	248	1	Normal	170	N	0	Flat	1
52	F	NAP	125	272	0	Normal	139	N	0	Up	0
46	M	ASY	110	240	0	ST	140	N	0	Up	0
58	F	ATA	180	393	0	Normal	110	Y	1	Flat	1
58	M	ATA	130	230	0	Normal	150	N	0	Up	0
54	M	ATA	120	246	0	Normal	110	N	0	Up	0
34	F	ATA	130	161	0	Normal	190	N	0	Up	0
48	F	ASY	108	163	0	Normal	175	N	2	Up	0
54	F	ATA	120	230	1	Normal	140	N	0	Up	0
42	M	NAP	120	228	0	Normal	152	Y	1.5	Flat	0
38	M	NAP	145	292	0	Normal	130	N	0	Up	0
46	M	ASY	110	202	0	Normal	150	Y	0	Flat	1
56	M	ASY	170	388	0	ST	122	Y	2	Flat	1
56	M	ASY	150	230	0	ST	124	Y	1.5	Flat	1
61	F	ASY	130	294	0	ST	120	Y	1	Flat	0
49	M	NAP	115	265	0	Normal	175	N	0	Flat	1
43	F	ATA	120	215	0	ST	175	N	0	Up	0
39	M	ATA	120	241	0	ST	146	N	2	Up	0
54	M	ASY	140	166	0	Normal	118	Y	0	Flat	1
43	M	ASY	150	247	0	Normal	130	Y	2	Flat	1
52	M	ASY	160	331	0	Normal	94	Y	2.5	Flat	1
50	M	ASY	140	341	0	ST	125	Y	2.5	Flat	1
47	M	ASY	160	291	0	ST	158	Y	3	Flat	1
53	M	ASY	140	243	0	Normal	155	N	0	Up	0
56	F	ATA	120	279	0	Normal	150	N	1	Flat	1
39	M	ASY	110	273	0	Normal	132	N	0	Up	0
42	M	ATA	120	198	0	Normal	155	N	0	Up	0
43	F	ATA	120	249	0	ST	176	N	0	Up	0
50	M	ATA	120	168	0	Normal	160	N	0	Up	0
54	M	ASY	130	603	1	Normal	125	Y	1	Flat	1
39	M	ATA	130	215	0	Normal	120	N	0	Up	0
48	M	ATA	100	159	0	Normal	100	N	0	Up	0
40	M	ATA	130	275	0	Normal	150	N	0	Up	0
55	M	ASY	120	270	0	Normal	140	N	0	Up	0
41	M	ATA	120	291	0	ST	160	N	0	Up	0
56	M	ASY	155	342	1	Normal	150	Y	3	Flat	1
38	M	ASY	110	190	0	Normal	150	Y	1	Flat	1
49	M	ASY	140	185	0	Normal	130	N	0	Up	0
44	M	ASY	130	290	0	Normal	100	Y	2	Flat	1
54	M	ATA	160	195	0	ST	130	N	1	Up	0
59	M	ASY	140	264	1	LVH	119	Y	0	Flat	1
49	M	ASY	128	212	0	Normal	96	Y	0	Flat	1
47	M	ATA	160	263	0	Normal	174	N	0	Up	0
42	M	ATA	120	196	0	Normal	150	N	0	Up	0
52	F	ATA	140	225	0	Normal	140	N	0	Up	0
46	M	TA	140	272	1	Normal	175	N	2	Flat	1
50	M	ASY	140	231	0	ST	140	Y	5	Flat	1
48	M	ATA	140	238	0	Normal	118	N	0	Up	0
58	M	ASY	135	222	0	Normal	100	N	0	Up	0
58	M	NAP	140	179	0	Normal	160	N	0	Up	0
29	M	ATA	120	243	0	Normal	160	N	0	Up	0
40	M	NAP	140	235	0	Normal	188	N	0	Up	0
53	M	ATA	140	320	0	Normal	162	N	0	Up	0
49	M	NAP	140	187	0	Normal	172	N	0	Up	0
52	M	ASY	140	266	0	Normal	134	Y	2	Flat	1
43	M	ASY	140	288	0	Normal	135	Y	2	Flat	1
54	M	ASY	140	216	0	Normal	105	N	1.5	Flat	1
59	M	ATA	140	287	0	Normal	150	N	0	Up	0
37	M	NAP	130	194	0	Normal	150	N	0	Up	0
46	F	ASY	130	238	0	Normal	90	N	0	Up	0
52	M	ASY	130	225	0	Normal	120	Y	2	Flat	1
51	M	ATA	130	224	0	Normal	150	N	0	Up	0
52	M	ASY	140	404	0	Normal	124	Y	2	Flat	1
46	M	ASY	110	238	0	ST	140	Y	1	Flat	0
54	F	ATA	160	312	0	Normal	130	N	0	Up	0
58	M	NAP	160	211	1	ST	92	N	0	Flat	1
58	M	ATA	130	251	0	Normal	110	N	0	Up	0
41	M	ASY	120	237	1	Normal	138	Y	1	Flat	1
50	F	ASY	120	328	0	Normal	110	Y	1	Flat	0
53	M	ASY	180	285	0	ST	120	Y	1.5	Flat	1
46	M	ASY	180	280	0	ST	120	N	0	Up	0
50	M	ATA	170	209	0	ST	116	N	0	Up	0
48	M	ATA	130	245	0	Normal	160	N	0	Up	0
45	M	NAP	135	192	0	Normal	110	N	0	Up	0
41	F	ATA	125	184	0	Normal	180	N	0	Up	0
62	F	TA	160	193	0	Normal	116	N	0	Up	0
49	M	ASY	120	297	0	Normal	132	N	1	Flat	0
42	M	ATA	150	268	0	Normal	136	N	0	Up	0
53	M	ASY	120	246	0	Normal	116	Y	0	Flat	1
57	F	TA	130	308	0	Normal	98	N	1	Flat	0
47	M	TA	110	249	0	Normal	150	N	0	Up	0
46	M	NAP	120	230	0	Normal	150	N	0	Up	0
42	M	NAP	160	147	0	Normal	146	N	0	Up	0
31	F	ATA	100	219	0	ST	150	N	0	Up	0
56	M	ATA	130	184	0	Normal	100	N	0	Up	0
50	M	ASY	150	215	0	Normal	140	Y	0	Up	0
35	M	ATA	120	308	0	LVH	180	N	0	Up	0
35	M	ATA	110	257	0	Normal	140	N	0	Flat	1
28	M	ATA	130	132	0	LVH	185	N	0	Up	0
54	M	ASY	125	216	0	Normal	140	N	0	Flat	1
48	M	ASY	106	263	1	Normal	110	N	0	Flat	1
50	F	NAP	140	288	0	Normal	140	Y	0	Flat	1
56	M	NAP	130	276	0	Normal	128	Y	1	Up	0
56	F	NAP	130	219	0	ST	164	N	0	Up	0
47	M	ASY	150	226	0	Normal	98	Y	1.5	Flat	1
30	F	TA	170	237	0	ST	170	N	0	Up	0
39	M	ASY	110	280	0	Normal	150	N	0	Flat	1
54	M	NAP	120	217	0	Normal	137	N	0	Up	0
55	M	ATA	140	196	0	Normal	150	N	0	Up	0
29	M	ATA	140	263	0	Normal	170	N	0	Up	0
46	M	ASY	130	222	0	Normal	112	N	0	Flat	1
51	F	ASY	160	303	0	Normal	150	Y	1	Flat	1
48	F	NAP	120	195	0	Normal	125	N	0	Up	0
33	M	NAP	120	298	0	Normal	185	N	0	Up	0
55	M	ATA	120	256	1	Normal	137	N	0	Up	0
50	M	ASY	145	264	0	Normal	150	N	0	Flat	1
53	M	NAP	120	195	0	Normal	140	N	0	Up	0
38	M	ASY	92	117	0	Normal	134	Y	2.5	Flat	1
41	M	ATA	120	295	0	Normal	170	N	0	Up	0
37	F	ASY	130	173	0	ST	184	N	0	Up	0
37	M	ASY	130	315	0	Normal	158	N	0	Up	0
40	M	NAP	130	281	0	Normal	167	N	0	Up	0
38	F	ATA	120	275	0	Normal	129	N	0	Up	0
41	M	ASY	112	250	0	Normal	142	N	0	Up	0
54	F	ATA	140	309	0	ST	140	N	0	Up	0
39	M	ATA	120	200	0	Normal	160	Y	1	Flat	0
41	M	ASY	120	336	0	Normal	118	Y	3	Flat	1
55	M	TA	140	295	0	Normal	136	N	0	Flat	1
48	M	ASY	160	355	0	Normal	99	Y	2	Flat	1
48	M	ASY	160	193	0	Normal	102	Y	3	Flat	1
55	M	ATA	145	326	0	Normal	155	N	0	Up	0
54	M	ASY	200	198	0	Normal	142	Y	2	Flat	1
55	M	ATA	160	292	1	Normal	143	Y	2	Flat	1
43	F	ATA	120	266	0	Normal	118	N	0	Up	0
48	M	ASY	160	268	0	Normal	103	Y	1	Flat	1
54	M	TA	120	171	0	Normal	137	N	2	Up	0
54	M	NAP	120	237	0	Normal	150	Y	1.5	Flat	1
48	M	ASY	122	275	1	ST	150	Y	2	Down	1
45	M	ASY	130	219	0	ST	130	Y	1	Flat	1
49	M	ASY	130	341	0	Normal	120	Y	1	Flat	1
44	M	ASY	135	491	0	Normal	135	N	0	Flat	1
48	M	ASY	120	260	0	Normal	115	N	2	Flat	1
61	M	ASY	125	292	0	ST	115	Y	0	Up	0
62	M	ATA	140	271	0	Normal	152	N	1	Up	0
55	M	ASY	145	248	0	Normal	96	Y	2	Flat	1
53	F	NAP	120	274	0	Normal	130	N	0	Up	0
55	F	ATA	130	394	0	LVH	150	N	0	Up	0
36	M	NAP	150	160	0	Normal	172	N	0	Up	0
51	F	NAP	150	200	0	Normal	120	N	0.5	Up	0
55	F	ATA	122	320	0	Normal	155	N	0	Up	0
46	M	ATA	140	275	0	Normal	165	Y	0	Up	0
54	F	ATA	120	221	0	Normal	138	N	1	Up	0
46	M	ASY	120	231	0	Normal	115	Y	0	Flat	1
59	M	ASY	130	126	0	Normal	125	N	0	Flat	1
47	M	NAP	140	193	0	Normal	145	Y	1	Flat	1
54	M	ATA	160	305	0	Normal	175	N	0	Up	0
52	M	ASY	130	298	0	Normal	110	Y	1	Flat	1
34	M	ATA	98	220	0	Normal	150	N	0	Up	0
54	M	ASY	130	242	0	Normal	91	Y	1	Flat	1
47	F	NAP	130	235	0	Normal	145	N	2	Flat	0
45	M	ASY	120	225	0	Normal	140	N	0	Up	0
32	F	ATA	105	198	0	Normal	165	N	0	Up	0
55	M	ASY	140	201	0	Normal	130	Y	3	Flat	1
55	M	NAP	120	220	0	LVH	134	N	0	Up	0
45	F	ATA	180	295	0	Normal	180	N	0	Up	0
59	M	NAP	180	213	0	Normal	100	N	0	Up	0
51	M	NAP	135	160	0	Normal	150	N	2	Flat	1
52	M	ASY	170	223	0	Normal	126	Y	1.5	Flat	1
57	F	ASY	180	347	0	ST	126	Y	0.8	Flat	0
54	F	ATA	130	253	0	ST	155	N	0	Up	0
60	M	NAP	120	246	0	LVH	135	N	0	Up	0
49	M	ASY	150	222	0	Normal	122	N	2	Flat	1
51	F	NAP	130	220	0	Normal	160	Y	2	Up	0
55	F	ATA	110	344	0	ST	160	N	0	Up	0
42	M	ASY	140	358	0	Normal	170	N	0	Up	0
51	F	NAP	110	190	0	Normal	120	N	0	Up	0
59	M	ASY	140	169	0	Normal	140	N	0	Up	0
53	M	ATA	120	181	0	Normal	132	N	0	Up	0
48	F	ATA	133	308	0	ST	156	N	2	Up	0
36	M	ATA	120	166	0	Normal	180	N	0	Up	0
48	M	NAP	110	211	0	Normal	138	N	0	Up	0
47	F	ATA	140	257	0	Normal	135	N	1	Up	0
53	M	ASY	130	182	0	Normal	148	N	0	Up	0
65	M	ASY	115	0	0	Normal	93	Y	0	Flat	1
32	M	TA	95	0	1	Normal	127	N	0.7	Up	1
61	M	ASY	105	0	1	Normal	110	Y	1.5	Up	1
50	M	ASY	145	0	1	Normal	139	Y	0.7	Flat	1
57	M	ASY	110	0	1	ST	131	Y	1.4	Up	1
51	M	ASY	110	0	1	Normal	92	N	0	Flat	1
47	M	ASY	110	0	1	ST	149	N	2.1	Up	1
60	M	ASY	160	0	1	Normal	149	N	0.4	Flat	1
55	M	ATA	140	0	0	ST	150	N	0.2	Up	0
53	M	ASY	125	0	1	Normal	120	N	1.5	Up	1
62	F	ASY	120	0	1	ST	123	Y	1.7	Down	1
51	M	ASY	95	0	1	Normal	126	N	2.2	Flat	1
51	F	ASY	120	0	1	Normal	127	Y	1.5	Up	1
55	M	ASY	115	0	1	Normal	155	N	0.1	Flat	1
53	M	ATA	130	0	0	ST	120	N	0.7	Down	0
58	M	ASY	115	0	1	Normal	138	N	0.5	Up	1
57	M	ASY	95	0	1	Normal	182	N	0.7	Down	1
65	M	ASY	155	0	0	Normal	154	N	1	Up	0
60	M	ASY	125	0	1	Normal	110	N	0.1	Up	1
41	M	ASY	125	0	1	Normal	176	N	1.6	Up	1
34	M	ASY	115	0	1	Normal	154	N	0.2	Up	1
53	M	ASY	80	0	0	Normal	141	Y	2	Down	0
74	M	ATA	145	0	1	ST	123	N	1.3	Up	1
57	M	NAP	105	0	1	Normal	148	N	0.3	Flat	1
56	M	ASY	140	0	1	Normal	121	Y	1.8	Up	1
61	M	ASY	130	0	1	Normal	77	N	2.5	Flat	1
68	M	ASY	145	0	1	Normal	136	N	1.8	Up	1
59	M	NAP	125	0	1	Normal	175	N	2.6	Flat	1
63	M	ASY	100	0	1	Normal	109	N	-0.9	Flat	1
38	F	ASY	105	0	1	Normal	166	N	2.8	Up	1
62	M	ASY	115	0	1	Normal	128	Y	2.5	Down	1
46	M	ASY	100	0	1	ST	133	N	-2.6	Flat	1
42	M	ASY	105	0	1	Normal	128	Y	-1.5	Down	1
45	M	NAP	110	0	0	Normal	138	N	-0.1	Up	0
59	M	ASY	125	0	1	Normal	119	Y	0.9	Up	1
52	M	ASY	95	0	1	Normal	82	Y	0.8	Flat	1
60	M	ASY	130	0	1	ST	130	Y	1.1	Down	1
60	M	NAP	115	0	1	Normal	143	N	2.4	Up	1
56	M	ASY	115	0	1	ST	82	N	-1	Up	1
38	M	NAP	100	0	0	Normal	179	N	-1.1	Up	0
40	M	ASY	95	0	1	ST	144	N	0	Up	1
51	M	ASY	130	0	1	Normal	170	N	-0.7	Up	1
62	M	TA	120	0	1	LVH	134	N	-0.8	Flat	1
72	M	NAP	160	0	0	LVH	114	N	1.6	Flat	0
63	M	ASY	150	0	1	ST	154	N	3.7	Up	1
63	M	ASY	140	0	1	LVH	149	N	2	Up	1
64	F	ASY	95	0	1	Normal	145	N	1.1	Down	1
43	M	ASY	100	0	1	Normal	122	N	1.5	Down	1
64	M	ASY	110	0	1	Normal	114	Y	1.3	Down	1
61	M	ASY	110	0	1	Normal	113	N	1.4	Flat	1
52	M	ASY	130	0	1	Normal	120	N	0	Flat	1
51	M	ASY	120	0	1	Normal	104	N	0	Flat	1
69	M	ASY	135	0	0	Normal	130	N	0	Flat	1
59	M	ASY	120	0	0	Normal	115	N	0	Flat	1
48	M	ASY	115	0	1	Normal	128	N	0	Flat	1
69	M	ASY	137	0	0	ST	104	Y	1.6	Flat	1
36	M	ASY	110	0	1	Normal	125	Y	1	Flat	1
53	M	ASY	120	0	1	Normal	120	N	0	Flat	1
43	M	ASY	140	0	0	ST	140	Y	0.5	Up	1
56	M	ASY	120	0	0	ST	100	Y	-1	Down	1
58	M	ASY	130	0	0	ST	100	Y	1	Flat	1
55	M	ASY	120	0	0	ST	92	N	0.3	Up	1
67	M	TA	145	0	0	LVH	125	N	0	Flat	1
46	M	ASY	115	0	0	Normal	113	Y	1.5	Flat	1
53	M	ATA	120	0	0	Normal	95	N	0	Flat	1
38	M	NAP	115	0	0	Normal	128	Y	0	Flat	1
53	M	NAP	105	0	0	Normal	115	N	0	Flat	1
62	M	NAP	160	0	0	Normal	72	Y	0	Flat	1
47	M	ASY	160	0	0	Normal	124	Y	0	Flat	1
56	M	NAP	155	0	0	ST	99	N	0	Flat	1
56	M	ASY	120	0	0	ST	148	N	0	Flat	1
56	M	NAP	120	0	0	Normal	97	N	0	Flat	0
64	F	ASY	200	0	0	Normal	140	Y	1	Flat	1
61	M	ASY	150	0	0	Normal	117	Y	2	Flat	1
68	M	ASY	135	0	0	ST	120	Y	0	Up	1
57	M	ASY	140	0	0	Normal	120	Y	2	Flat	1
63	M	ASY	150	0	0	Normal	86	Y	2	Flat	1
60	M	ASY	135	0	0	Normal	63	Y	0.5	Up	1
66	M	ASY	150	0	0	Normal	108	Y	2	Flat	1
63	M	ASY	185	0	0	Normal	98	Y	0	Up	1
59	M	ASY	135	0	0	Normal	115	Y	1	Flat	1
61	M	ASY	125	0	0	Normal	105	Y	0	Down	1
73	F	NAP	160	0	0	ST	121	N	0	Up	1
47	M	NAP	155	0	0	Normal	118	Y	1	Flat	1
65	M	ASY	160	0	1	ST	122	N	1.2	Flat	1
70	M	ASY	140	0	1	Normal	157	Y	2	Flat	1
50	M	ASY	120	0	0	ST	156	Y	0	Up	1
60	M	ASY	160	0	0	ST	99	Y	0.5	Flat	1
50	M	ASY	115	0	0	Normal	120	Y	0.5	Flat	1
43	M	ASY	115	0	0	Normal	145	Y	2	Flat	1
38	F	ASY	110	0	0	Normal	156	N	0	Flat	1
54	M	ASY	120	0	0	Normal	155	N	0	Flat	1
61	M	ASY	150	0	0	Normal	105	Y	0	Flat	1
42	M	ASY	145	0	0	Normal	99	Y	0	Flat	1
53	M	ASY	130	0	0	LVH	135	Y	1	Flat	1
55	M	ASY	140	0	0	Normal	83	N	0	Flat	1
61	M	ASY	160	0	1	ST	145	N	1	Flat	1
51	M	ASY	140	0	0	Normal	60	N	0	Flat	1
70	M	ASY	115	0	0	ST	92	Y	0	Flat	1
61	M	ASY	130	0	0	LVH	115	N	0	Flat	1
38	M	ASY	150	0	1	Normal	120	Y	0.7	Flat	1
57	M	ASY	160	0	1	Normal	98	Y	2	Flat	1
38	M	ASY	135	0	1	Normal	150	N	0	Flat	1
62	F	TA	140	0	1	Normal	143	N	0	Flat	1
58	M	ASY	170	0	1	ST	105	Y	0	Flat	1
52	M	ASY	165	0	1	Normal	122	Y	1	Up	1
61	M	NAP	200	0	1	ST	70	N	0	Flat	1
50	F	ASY	160	0	1	Normal	110	N	0	Flat	1
51	M	ASY	130	0	1	ST	163	N	0	Flat	1
65	M	ASY	145	0	1	ST	67	N	0.7	Flat	1
52	M	ASY	135	0	1	Normal	128	Y	2	Flat	1
47	M	NAP	110	0	1	Normal	120	Y	0	Flat	1
35	M	ASY	120	0	1	Normal	130	Y	1.2	Flat	1
57	M	ASY	140	0	1	Normal	100	Y	0	Flat	1
62	M	ASY	115	0	1	Normal	72	Y	-0.5	Flat	1
59	M	ASY	110	0	1	Normal	94	N	0	Flat	1
53	M	NAP	160	0	1	LVH	122	Y	0	Flat	1
62	M	ASY	150	0	1	ST	78	N	2	Flat	1
54	M	ASY	180	0	1	Normal	150	N	1.5	Flat	1
56	M	ASY	125	0	1	Normal	103	Y	1	Flat	1
56	M	NAP	125	0	1	Normal	98	N	-2	Flat	1
54	M	ASY	130	0	1	Normal	110	Y	3	Flat	1
66	F	ASY	155	0	1	Normal	90	N	0	Flat	1
63	M	ASY	140	260	0	ST	112	Y	3	Flat	1
44	M	ASY	130	209	0	ST	127	N	0	Up	0
60	M	ASY	132	218	0	ST	140	Y	1.5	Down	1
55	M	ASY	142	228	0	ST	149	Y	2.5	Up	1
66	M	NAP	110	213	1	LVH	99	Y	1.3	Flat	0
66	M	NAP	120	0	0	ST	120	N	-0.5	Up	0
65	M	ASY	150	236	1	ST	105	Y	0	Flat	1
60	M	NAP	180	0	0	ST	140	Y	1.5	Flat	0
60	M	NAP	120	0	1	Normal	141	Y	2	Up	1
60	M	ATA	160	267	1	ST	157	N	0.5	Flat	1
56	M	ATA	126	166	0	ST	140	N	0	Up	0
59	M	ASY	140	0	0	ST	117	Y	1	Flat	1
62	M	ASY	110	0	0	Normal	120	Y	0.5	Flat	1
63	M	NAP	133	0	0	LVH	120	Y	1	Flat	1
57	M	ASY	128	0	1	ST	148	Y	1	Flat	1
62	M	ASY	120	220	0	ST	86	N	0	Up	0
63	M	ASY	170	177	0	Normal	84	Y	2.5	Down	1
46	M	ASY	110	236	0	Normal	125	Y	2	Flat	1
63	M	ASY	126	0	0	ST	120	N	1.5	Down	0
60	M	ASY	152	0	0	ST	118	Y	0	Up	0
58	M	ASY	116	0	0	Normal	124	N	1	Up	1
64	M	ASY	120	0	1	ST	106	N	2	Flat	1
63	M	NAP	130	0	0	ST	111	Y	0	Flat	1
74	M	NAP	138	0	0	Normal	116	N	0.2	Up	0
52	M	NAP	128	0	0	ST	180	N	3	Up	1
69	M	ASY	130	0	1	ST	129	N	1	Flat	1
51	M	ASY	128	0	1	ST	125	Y	1.2	Flat	1
60	M	ASY	130	186	1	ST	140	Y	0.5	Flat	1
56	M	ASY	120	100	0	Normal	120	Y	1.5	Flat	1
55	M	NAP	136	228	0	ST	124	Y	1.6	Flat	1
54	M	ASY	130	0	0	ST	117	Y	1.4	Flat	1
77	M	ASY	124	171	0	ST	110	Y	2	Up	1
63	M	ASY	160	230	1	Normal	105	Y	1	Flat	1
55	M	NAP	0	0	0	Normal	155	N	1.5	Flat	1
52	M	NAP	122	0	0	Normal	110	Y	2	Down	1
64	M	ASY	144	0	0	ST	122	Y	1	Flat	1
60	M	ASY	140	281	0	ST	118	Y	1.5	Flat	1
60	M	ASY	120	0	0	Normal	133	Y	2	Up	0
58	M	ASY	136	203	1	Normal	123	Y	1.2	Flat	1
59	M	ASY	154	0	0	ST	131	Y	1.5	Up	0
61	M	NAP	120	0	0	Normal	80	Y	0	Flat	1
40	M	ASY	125	0	1	Normal	165	N	0	Flat	1
61	M	ASY	134	0	1	ST	86	N	1.5	Flat	1
41	M	ASY	104	0	0	ST	111	N	0	Up	0
57	M	ASY	139	277	1	ST	118	Y	1.9	Flat	1
63	M	ASY	136	0	0	Normal	84	Y	0	Flat	1
59	M	ASY	122	233	0	Normal	117	Y	1.3	Down	1
51	M	ASY	128	0	0	Normal	107	N	0	Up	0
59	M	NAP	131	0	0	Normal	128	Y	2	Down	1
42	M	NAP	134	240	0	Normal	160	N	0	Up	0
55	M	NAP	120	0	0	ST	125	Y	2.5	Flat	1
63	F	ATA	132	0	0	Normal	130	N	0.1	Up	0
62	M	ASY	152	153	0	ST	97	Y	1.6	Up	1
56	M	ATA	124	224	1	Normal	161	N	2	Flat	0
53	M	ASY	126	0	0	Normal	106	N	0	Flat	1
68	M	ASY	138	0	0	Normal	130	Y	3	Flat	1
53	M	ASY	154	0	1	ST	140	Y	1.5	Flat	1
60	M	NAP	141	316	1	ST	122	Y	1.7	Flat	1
62	M	ATA	131	0	0	Normal	130	N	0.1	Up	0
59	M	ASY	178	0	1	LVH	120	Y	0	Flat	1
51	M	ASY	132	218	1	LVH	139	N	0.1	Up	0
61	M	ASY	110	0	1	Normal	108	Y	2	Down	1
57	M	ASY	130	311	1	ST	148	Y	2	Flat	1
56	M	NAP	170	0	0	LVH	123	Y	2.5	Flat	1
58	M	ATA	126	0	1	Normal	110	Y	2	Flat	1
69	M	NAP	140	0	1	ST	118	N	2.5	Down	1
67	M	TA	142	270	1	Normal	125	N	2.5	Up	1
58	M	ASY	120	0	0	LVH	106	Y	1.5	Down	1
65	M	ASY	134	0	0	Normal	112	Y	1.1	Flat	1
63	M	ATA	139	217	1	ST	128	Y	1.2	Flat	1
55	M	ATA	110	214	1	ST	180	N	0.4	Up	0
57	M	ASY	140	214	0	ST	144	Y	2	Flat	1
65	M	TA	140	252	0	Normal	135	N	0.3	Up	0
54	M	ASY	136	220	0	Normal	140	Y	3	Flat	1
72	M	NAP	120	214	0	Normal	102	Y	1	Flat	1
75	M	ASY	170	203	1	ST	108	N	0	Flat	1
49	M	TA	130	0	0	ST	145	N	3	Flat	1
51	M	NAP	137	339	0	Normal	127	Y	1.7	Flat	1
60	M	ASY	142	216	0	Normal	110	Y	2.5	Flat	1
64	F	ASY	142	276	0	Normal	140	Y	1	Flat	1
58	M	ASY	132	458	1	Normal	69	N	1	Down	0
61	M	ASY	146	241	0	Normal	148	Y	3	Down	1
67	M	ASY	160	384	1	ST	130	Y	0	Flat	1
62	M	ASY	135	297	0	Normal	130	Y	1	Flat	1
65	M	ASY	136	248	0	Normal	140	Y	4	Down	1
63	M	ASY	130	308	0	Normal	138	Y	2	Flat	1
69	M	ASY	140	208	0	ST	140	Y	2	Flat	1
51	M	ASY	132	227	1	ST	138	N	0.2	Up	0
62	M	ASY	158	210	1	Normal	112	Y	3	Down	1
55	M	NAP	136	245	1	ST	131	Y	1.2	Flat	1
75	M	ASY	136	225	0	Normal	112	Y	3	Flat	1
40	M	NAP	106	240	0	Normal	80	Y	0	Up	0
67	M	ASY	120	0	1	Normal	150	N	1.5	Down	1
58	M	ASY	110	198	0	Normal	110	N	0	Flat	1
60	M	ASY	136	195	0	Normal	126	N	0.3	Up	0
63	M	ASY	160	267	1	ST	88	Y	2	Flat	1
35	M	NAP	123	161	0	ST	153	N	-0.1	Up	0
62	M	TA	112	258	0	ST	150	Y	1.3	Flat	1
43	M	ASY	122	0	0	Normal	120	N	0.5	Up	1
63	M	NAP	130	0	1	ST	160	N	3	Flat	0
68	M	NAP	150	195	1	Normal	132	N	0	Flat	1
65	M	ASY	150	235	0	Normal	120	Y	1.5	Flat	1
48	M	NAP	102	0	1	ST	110	Y	1	Down	1
63	M	ASY	96	305	0	ST	121	Y	1	Up	1
64	M	ASY	130	223	0	ST	128	N	0.5	Flat	0
61	M	ASY	120	282	0	ST	135	Y	4	Down	1
50	M	ASY	144	349	0	LVH	120	Y	1	Up	1
59	M	ASY	124	160	0	Normal	117	Y	1	Flat	1
55	M	ASY	150	160	0	ST	150	N	0	Up	0
45	M	NAP	130	236	0	Normal	144	N	0.1	Up	0
65	M	ASY	144	312	0	LVH	113	Y	1.7	Flat	1
61	M	ATA	139	283	0	Normal	135	N	0.3	Up	0
49	M	NAP	131	142	0	Normal	127	Y	1.5	Flat	1
72	M	ASY	143	211	0	Normal	109	Y	1.4	Flat	1
50	M	ASY	133	218	0	Normal	128	Y	1.1	Flat	1
64	M	ASY	143	306	1	ST	115	Y	1.8	Flat	1
55	M	ASY	116	186	1	ST	102	N	0	Flat	1
63	M	ASY	110	252	0	ST	140	Y	2	Flat	1
59	M	ASY	125	222	0	Normal	135	Y	2.5	Down	1
56	M	ASY	130	0	0	LVH	122	Y	1	Flat	1
62	M	NAP	133	0	1	ST	119	Y	1.2	Flat	1
74	M	ASY	150	258	1	ST	130	Y	4	Down	1
54	M	ASY	130	202	1	Normal	112	Y	2	Flat	1
57	M	ASY	110	197	0	LVH	100	N	0	Up	0
62	M	NAP	138	204	0	ST	122	Y	1.2	Flat	1
76	M	NAP	104	113	0	LVH	120	N	3.5	Down	1
54	F	ASY	138	274	0	Normal	105	Y	1.5	Flat	1
70	M	ASY	170	192	0	ST	129	Y	3	Down	1
61	F	ATA	140	298	1	Normal	120	Y	0	Up	0
48	M	ASY	132	272	0	ST	139	N	0.2	Up	0
48	M	NAP	132	220	1	ST	162	N	0	Flat	1
61	M	TA	142	200	1	ST	100	N	1.5	Down	1
66	M	ASY	112	261	0	Normal	140	N	1.5	Up	1
68	M	TA	139	181	1	ST	135	N	0.2	Up	0
55	M	ASY	172	260	0	Normal	73	N	2	Flat	1
62	M	NAP	120	220	0	LVH	86	N	0	Up	0
71	M	NAP	144	221	0	Normal	108	Y	1.8	Flat	1
74	M	TA	145	216	1	Normal	116	Y	1.8	Flat	1
53	M	NAP	155	175	1	ST	160	N	0.3	Up	0
58	M	NAP	150	219	0	ST	118	Y	0	Flat	1
75	M	ASY	160	310	1	Normal	112	Y	2	Down	0
56	M	NAP	137	208	1	ST	122	Y	1.8	Flat	1
58	M	NAP	137	232	0	ST	124	Y	1.4	Flat	1
64	M	ASY	134	273	0	Normal	102	Y	4	Down	1
54	M	NAP	133	203	0	ST	137	N	0.2	Up	0
54	M	ATA	132	182	0	ST	141	N	0.1	Up	0
59	M	ASY	140	274	0	Normal	154	Y	2	Flat	0
55	M	ASY	135	204	1	ST	126	Y	1.1	Flat	1
57	M	ASY	144	270	1	ST	160	Y	2	Flat	1
61	M	ASY	141	292	0	ST	115	Y	1.7	Flat	1
41	M	ASY	150	171	0	Normal	128	Y	1.5	Flat	0
71	M	ASY	130	221	0	ST	115	Y	0	Flat	1
38	M	ASY	110	289	0	Normal	105	Y	1.5	Down	1
55	M	ASY	158	217	0	Normal	110	Y	2.5	Flat	1
56	M	ASY	128	223	0	ST	119	Y	2	Down	1
69	M	ASY	140	110	1	Normal	109	Y	1.5	Flat	1
64	M	ASY	150	193	0	ST	135	Y	0.5	Flat	1
72	M	ASY	160	123	1	LVH	130	N	1.5	Flat	1
69	M	ASY	142	210	1	ST	112	Y	1.5	Flat	1
56	M	ASY	137	282	1	Normal	126	Y	1.2	Flat	1
62	M	ASY	139	170	0	ST	120	Y	3	Flat	1
67	M	ASY	146	369	0	Normal	110	Y	1.9	Flat	1
57	M	ASY	156	173	0	LVH	119	Y	3	Down	1
69	M	ASY	145	289	1	ST	110	Y	1.8	Flat	1
51	M	ASY	131	152	1	LVH	130	Y	1	Flat	1
48	M	ASY	140	208	0	Normal	159	Y	1.5	Up	1
69	M	ASY	122	216	1	LVH	84	Y	0	Flat	1
69	M	NAP	142	271	0	LVH	126	N	0.3	Up	0
64	M	ASY	141	244	1	ST	116	Y	1.5	Flat	1
57	M	ATA	180	285	1	ST	120	N	0.8	Flat	1
53	M	ASY	124	243	0	Normal	122	Y	2	Flat	1
37	M	NAP	118	240	0	LVH	165	N	1	Flat	0
67	M	ASY	140	219	0	ST	122	Y	2	Flat	1
74	M	NAP	140	237	1	Normal	94	N	0	Flat	1
63	M	ATA	136	165	0	ST	133	N	0.2	Up	0
58	M	ASY	100	213	0	ST	110	N	0	Up	0
61	M	ASY	190	287	1	LVH	150	Y	2	Down	1
64	M	ASY	130	258	1	LVH	130	N	0	Flat	1
58	M	ASY	160	256	1	LVH	113	Y	1	Up	1
60	M	ASY	130	186	1	LVH	140	Y	0.5	Flat	1
57	M	ASY	122	264	0	LVH	100	N	0	Flat	1
55	M	NAP	133	185	0	ST	136	N	0.2	Up	0
55	M	ASY	120	226	0	LVH	127	Y	1.7	Down	1
56	M	ASY	130	203	1	Normal	98	N	1.5	Flat	1
57	M	ASY	130	207	0	ST	96	Y	1	Flat	0
61	M	NAP	140	284	0	Normal	123	Y	1.3	Flat	1
61	M	NAP	120	337	0	Normal	98	Y	0	Flat	1
74	M	ASY	155	310	0	Normal	112	Y	1.5	Down	1
68	M	NAP	134	254	1	Normal	151	Y	0	Up	0
51	F	ASY	114	258	1	LVH	96	N	1	Up	0
62	M	ASY	160	254	1	ST	108	Y	3	Flat	1
53	M	ASY	144	300	1	ST	128	Y	1.5	Flat	1
62	M	ASY	158	170	0	ST	138	Y	0	Flat	1
46	M	ASY	134	310	0	Normal	126	N	0	Flat	1
54	F	ASY	127	333	1	ST	154	N	0	Flat	1
62	M	TA	135	139	0	ST	137	N	0.2	Up	0
55	M	ASY	122	223	1	ST	100	N	0	Flat	1
58	M	ASY	140	385	1	LVH	135	N	0.3	Up	0
62	M	ATA	120	254	0	LVH	93	Y	0	Flat	1
70	M	ASY	130	322	0	LVH	109	N	2.4	Flat	1
67	F	NAP	115	564	0	LVH	160	N	1.6	Flat	0
57	M	ATA	124	261	0	Normal	141	N	0.3	Up	1
64	M	ASY	128	263	0	Normal	105	Y	0.2	Flat	0
74	F	ATA	120	269	0	LVH	121	Y	0.2	Up	0
65	M	ASY	120	177	0	Normal	140	N	0.4	Up	0
56	M	NAP	130	256	1	LVH	142	Y	0.6	Flat	1
59	M	ASY	110	239	0	LVH	142	Y	1.2	Flat	1
60	M	ASY	140	293	0	LVH	170	N	1.2	Flat	1
63	F	ASY	150	407	0	LVH	154	N	4	Flat	1
59	M	ASY	135	234	0	Normal	161	N	0.5	Flat	0
53	M	ASY	142	226	0	LVH	111	Y	0	Up	0
44	M	NAP	140	235	0	LVH	180	N	0	Up	0
61	M	TA	134	234	0	Normal	145	N	2.6	Flat	1
57	F	ASY	128	303	0	LVH	159	N	0	Up	0
71	F	ASY	112	149	0	Normal	125	N	1.6	Flat	0
46	M	ASY	140	311	0	Normal	120	Y	1.8	Flat	1
53	M	ASY	140	203	1	LVH	155	Y	3.1	Down	1
64	M	TA	110	211	0	LVH	144	Y	1.8	Flat	0
40	M	TA	140	199	0	Normal	178	Y	1.4	Up	0
67	M	ASY	120	229	0	LVH	129	Y	2.6	Flat	1
48	M	ATA	130	245	0	LVH	180	N	0.2	Flat	0
43	M	ASY	115	303	0	Normal	181	N	1.2	Flat	0
47	M	ASY	112	204	0	Normal	143	N	0.1	Up	0
54	F	ATA	132	288	1	LVH	159	Y	0	Up	0
48	F	NAP	130	275	0	Normal	139	N	0.2	Up	0
46	F	ASY	138	243	0	LVH	152	Y	0	Flat	0
51	F	NAP	120	295	0	LVH	157	N	0.6	Up	0
58	M	NAP	112	230	0	LVH	165	N	2.5	Flat	1
71	F	NAP	110	265	1	LVH	130	N	0	Up	0
57	M	NAP	128	229	0	LVH	150	N	0.4	Flat	1
66	M	ASY	160	228	0	LVH	138	N	2.3	Up	0
37	F	NAP	120	215	0	Normal	170	N	0	Up	0
59	M	ASY	170	326	0	LVH	140	Y	3.4	Down	1
50	M	ASY	144	200	0	LVH	126	Y	0.9	Flat	1
48	M	ASY	130	256	1	LVH	150	Y	0	Up	1
61	M	ASY	140	207	0	LVH	138	Y	1.9	Up	1
59	M	TA	160	273	0	LVH	125	N	0	Up	1
42	M	NAP	130	180	0	Normal	150	N	0	Up	0
48	M	ASY	122	222	0	LVH	186	N	0	Up	0
40	M	ASY	152	223	0	Normal	181	N	0	Up	1
62	F	ASY	124	209	0	Normal	163	N	0	Up	0
44	M	NAP	130	233	0	Normal	179	Y	0.4	Up	0
46	M	ATA	101	197	1	Normal	156	N	0	Up	0
59	M	NAP	126	218	1	Normal	134	N	2.2	Flat	1
58	M	NAP	140	211	1	LVH	165	N	0	Up	0
49	M	NAP	118	149	0	LVH	126	N	0.8	Up	1
44	M	ASY	110	197	0	LVH	177	N	0	Up	1
66	M	ATA	160	246	0	Normal	120	Y	0	Flat	1
65	F	ASY	150	225	0	LVH	114	N	1	Flat	1
42	M	ASY	136	315	0	Normal	125	Y	1.8	Flat	1
52	M	ATA	128	205	1	Normal	184	N	0	Up	0
65	F	NAP	140	417	1	LVH	157	N	0.8	Up	0
63	F	ATA	140	195	0	Normal	179	N	0	Up	0
45	F	ATA	130	234	0	LVH	175	N	0.6	Flat	0
41	F	ATA	105	198	0	Normal	168	N	0	Up	0
61	M	ASY	138	166	0	LVH	125	Y	3.6	Flat	1
60	F	NAP	120	178	1	Normal	96	N	0	Up	0
59	F	ASY	174	249	0	Normal	143	Y	0	Flat	1
62	M	ATA	120	281	0	LVH	103	N	1.4	Flat	1
57	M	NAP	150	126	1	Normal	173	N	0.2	Up	0
51	F	ASY	130	305	0	Normal	142	Y	1.2	Flat	1
44	M	NAP	120	226	0	Normal	169	N	0	Up	0
60	F	TA	150	240	0	Normal	171	N	0.9	Up	0
63	M	TA	145	233	1	LVH	150	N	2.3	Down	0
57	M	ASY	150	276	0	LVH	112	Y	0.6	Flat	1
51	M	ASY	140	261	0	LVH	186	Y	0	Up	0
58	F	ATA	136	319	1	LVH	152	N	0	Up	1
44	F	NAP	118	242	0	Normal	149	N	0.3	Flat	0
47	M	NAP	108	243	0	Normal	152	N	0	Up	1
61	M	ASY	120	260	0	Normal	140	Y	3.6	Flat	1
57	F	ASY	120	354	0	Normal	163	Y	0.6	Up	0
70	M	ATA	156	245	0	LVH	143	N	0	Up	0
76	F	NAP	140	197	0	ST	116	N	1.1	Flat	0
67	F	ASY	106	223	0	Normal	142	N	0.3	Up	0
45	M	ASY	142	309	0	LVH	147	Y	0	Flat	1
45	M	ASY	104	208	0	LVH	148	Y	3	Flat	0
39	F	NAP	94	199	0	Normal	179	N	0	Up	0
42	F	NAP	120	209	0	Normal	173	N	0	Flat	0
56	M	ATA	120	236	0	Normal	178	N	0.8	Up	0
58	M	ASY	146	218	0	Normal	105	N	2	Flat	1
35	M	ASY	120	198	0	Normal	130	Y	1.6	Flat	1
58	M	ASY	150	270	0	LVH	111	Y	0.8	Up	1
41	M	NAP	130	214	0	LVH	168	N	2	Flat	0
57	M	ASY	110	201	0	Normal	126	Y	1.5	Flat	0
42	M	TA	148	244	0	LVH	178	N	0.8	Up	0
62	M	ATA	128	208	1	LVH	140	N	0	Up	0
59	M	TA	178	270	0	LVH	145	N	4.2	Down	0
41	F	ATA	126	306	0	Normal	163	N	0	Up	0
50	M	ASY	150	243	0	LVH	128	N	2.6	Flat	1
59	M	ATA	140	221	0	Normal	164	Y	0	Up	0
61	F	ASY	130	330	0	LVH	169	N	0	Up	1
54	M	ASY	124	266	0	LVH	109	Y	2.2	Flat	1
54	M	ASY	110	206	0	LVH	108	Y	0	Flat	1
52	M	ASY	125	212	0	Normal	168	N	1	Up	1
47	M	ASY	110	275	0	LVH	118	Y	1	Flat	1
66	M	ASY	120	302	0	LVH	151	N	0.4	Flat	0
58	M	ASY	100	234	0	Normal	156	N	0.1	Up	1
64	F	NAP	140	313	0	Normal	133	N	0.2	Up	0
50	F	ATA	120	244	0	Normal	162	N	1.1	Up	0
44	F	NAP	108	141	0	Normal	175	N	0.6	Flat	0
67	M	ASY	120	237	0	Normal	71	N	1	Flat	1
49	F	ASY	130	269	0	Normal	163	N	0	Up	0
57	M	ASY	165	289	1	LVH	124	N	1	Flat	1
63	M	ASY	130	254	0	LVH	147	N	1.4	Flat	1
48	M	ASY	124	274	0	LVH	166	N	0.5	Flat	1
51	M	NAP	100	222	0	Normal	143	Y	1.2	Flat	0
60	F	ASY	150	258	0	LVH	157	N	2.6	Flat	1
59	M	ASY	140	177	0	Normal	162	Y	0	Up	1
45	F	ATA	112	160	0	Normal	138	N	0	Flat	0
55	F	ASY	180	327	0	ST	117	Y	3.4	Flat	1
41	M	ATA	110	235	0	Normal	153	N	0	Up	0
60	F	ASY	158	305	0	LVH	161	N	0	Up	1
54	F	NAP	135	304	1	Normal	170	N	0	Up	0
42	M	ATA	120	295	0	Normal	162	N	0	Up	0
49	F	ATA	134	271	0	Normal	162	N	0	Flat	0
46	M	ASY	120	249	0	LVH	144	N	0.8	Up	1
56	F	ASY	200	288	1	LVH	133	Y	4	Down	1
66	F	TA	150	226	0	Normal	114	N	2.6	Down	0
56	M	ASY	130	283	1	LVH	103	Y	1.6	Down	1
49	M	NAP	120	188	0	Normal	139	N	2	Flat	1
54	M	ASY	122	286	0	LVH	116	Y	3.2	Flat	1
57	M	ASY	152	274	0	Normal	88	Y	1.2	Flat	1
65	F	NAP	160	360	0	LVH	151	N	0.8	Up	0
54	M	NAP	125	273	0	LVH	152	N	0.5	Down	0
54	F	NAP	160	201	0	Normal	163	N	0	Up	0
62	M	ASY	120	267	0	Normal	99	Y	1.8	Flat	1
52	F	NAP	136	196	0	LVH	169	N	0.1	Flat	0
52	M	ATA	134	201	0	Normal	158	N	0.8	Up	0
60	M	ASY	117	230	1	Normal	160	Y	1.4	Up	1
63	F	ASY	108	269	0	Normal	169	Y	1.8	Flat	1
66	M	ASY	112	212	0	LVH	132	Y	0.1	Up	1
42	M	ASY	140	226	0	Normal	178	N	0	Up	0
64	M	ASY	120	246	0	LVH	96	Y	2.2	Down	1
54	M	NAP	150	232	0	LVH	165	N	1.6	Up	0
46	F	NAP	142	177	0	LVH	160	Y	1.4	Down	0
67	F	NAP	152	277	0	Normal	172	N	0	Up	0
56	M	ASY	125	249	1	LVH	144	Y	1.2	Flat	1
34	F	ATA	118	210	0	Normal	192	N	0.7	Up	0
57	M	ASY	132	207	0	Normal	168	Y	0	Up	0
64	M	ASY	145	212	0	LVH	132	N	2	Flat	1
59	M	ASY	138	271	0	LVH	182	N	0	Up	0
50	M	NAP	140	233	0	Normal	163	N	0.6	Flat	1
51	M	TA	125	213	0	LVH	125	Y	1.4	Up	0
54	M	ATA	192	283	0	LVH	195	N	0	Up	1
53	M	ASY	123	282	0	Normal	95	Y	2	Flat	1
52	M	ASY	112	230	0	Normal	160	N	0	Up	1
40	M	ASY	110	167	0	LVH	114	Y	2	Flat	1
58	M	NAP	132	224	0	LVH	173	N	3.2	Up	1
41	F	NAP	112	268	0	LVH	172	Y	0	Up	0
41	M	NAP	112	250	0	Normal	179	N	0	Up	0
50	F	NAP	120	219	0	Normal	158	N	1.6	Flat	0
54	F	NAP	108	267	0	LVH	167	N	0	Up	0
64	F	ASY	130	303	0	Normal	122	N	2	Flat	0
51	F	NAP	130	256	0	LVH	149	N	0.5	Up	0
46	F	ATA	105	204	0	Normal	172	N	0	Up	0
55	M	ASY	140	217	0	Normal	111	Y	5.6	Down	1
45	M	ATA	128	308	0	LVH	170	N	0	Up	0
56	M	TA	120	193	0	LVH	162	N	1.9	Flat	0
66	F	ASY	178	228	1	Normal	165	Y	1	Flat	1
38	M	TA	120	231	0	Normal	182	Y	3.8	Flat	1
62	F	ASY	150	244	0	Normal	154	Y	1.4	Flat	1
55	M	ATA	130	262	0	Normal	155	N	0	Up	0
58	M	ASY	128	259	0	LVH	130	Y	3	Flat	1
43	M	ASY	110	211	0	Normal	161	N	0	Up	0
64	F	ASY	180	325	0	Normal	154	Y	0	Up	0
50	F	ASY	110	254	0	LVH	159	N	0	Up	0
53	M	NAP	130	197	1	LVH	152	N	1.2	Down	0
45	F	ASY	138	236	0	LVH	152	Y	0.2	Flat	0
65	M	TA	138	282	1	LVH	174	N	1.4	Flat	1
69	M	TA	160	234	1	LVH	131	N	0.1	Flat	0
69	M	NAP	140	254	0	LVH	146	N	2	Flat	1
67	M	ASY	100	299	0	LVH	125	Y	0.9	Flat	1
68	F	NAP	120	211	0	LVH	115	N	1.5	Flat	0
34	M	TA	118	182	0	LVH	174	N	0	Up	0
62	F	ASY	138	294	1	Normal	106	N	1.9	Flat	1
51	M	ASY	140	298	0	Normal	122	Y	4.2	Flat	1
46	M	NAP	150	231	0	Normal	147	N	3.6	Flat	1
67	M	ASY	125	254	1	Normal	163	N	0.2	Flat	1
50	M	NAP	129	196	0	Normal	163	N	0	Up	0
42	M	NAP	120	240	1	Normal	194	N	0.8	Down	0
56	F	ASY	134	409	0	LVH	150	Y	1.9	Flat	1
41	M	ASY	110	172	0	LVH	158	N	0	Up	1
42	F	ASY	102	265	0	LVH	122	N	0.6	Flat	0
53	M	NAP	130	246	1	LVH	173	N	0	Up	0
43	M	NAP	130	315	0	Normal	162	N	1.9	Up	0
56	M	ASY	132	184	0	LVH	105	Y	2.1	Flat	1
52	M	ASY	108	233	1	Normal	147	N	0.1	Up	0
62	F	ASY	140	394	0	LVH	157	N	1.2	Flat	0
70	M	NAP	160	269	0	Normal	112	Y	2.9	Flat	1
54	M	ASY	140	239	0	Normal	160	N	1.2	Up	0
70	M	ASY	145	174	0	Normal	125	Y	2.6	Down	1
54	M	ATA	108	309	0	Normal	156	N	0	Up	0
35	M	ASY	126	282	0	LVH	156	Y	0	Up	1
48	M	NAP	124	255	1	Normal	175	N	0	Up	0
55	F	ATA	135	250	0	LVH	161	N	1.4	Flat	0
58	F	ASY	100	248	0	LVH	122	N	1	Flat	0
54	F	NAP	110	214	0	Normal	158	N	1.6	Flat	0
69	F	TA	140	239	0	Normal	151	N	1.8	Up	0
77	M	ASY	125	304	0	LVH	162	Y	0	Up	1
68	M	NAP	118	277	0	Normal	151	N	1	Up	0
58	M	ASY	125	300	0	LVH	171	N	0	Up	1
60	M	ASY	125	258	0	LVH	141	Y	2.8	Flat	1
51	M	ASY	140	299	0	Normal	173	Y	1.6	Up	1
55	M	ASY	160	289	0	LVH	145	Y	0.8	Flat	1
52	M	TA	152	298	1	Normal	178	N	1.2	Flat	0
60	F	NAP	102	318	0	Normal	160	N	0	Up	0
58	M	NAP	105	240	0	LVH	154	Y	0.6	Flat	0
64	M	NAP	125	309	0	Normal	131	Y	1.8	Flat	1
37	M	NAP	130	250	0	Normal	187	N	3.5	Down	0
59	M	TA	170	288	0	LVH	159	N	0.2	Flat	1
51	M	NAP	125	245	1	LVH	166	N	2.4	Flat	0
43	F	NAP	122	213	0	Normal	165	N	0.2	Flat	0
58	M	ASY	128	216	0	LVH	131	Y	2.2	Flat	1
29	M	ATA	130	204	0	LVH	202	N	0	Up	0
41	F	ATA	130	204	0	LVH	172	N	1.4	Up	0
63	F	NAP	135	252	0	LVH	172	N	0	Up	0
51	M	NAP	94	227	0	Normal	154	Y	0	Up	0
54	M	NAP	120	258	0	LVH	147	N	0.4	Flat	0
44	M	ATA	120	220	0	Normal	170	N	0	Up	0
54	M	ASY	110	239	0	Normal	126	Y	2.8	Flat	1
65	M	ASY	135	254	0	LVH	127	N	2.8	Flat	1
57	M	NAP	150	168	0	Normal	174	N	1.6	Up	0
63	M	ASY	130	330	1	LVH	132	Y	1.8	Up	1
35	F	ASY	138	183	0	Normal	182	N	1.4	Up	0
41	M	ATA	135	203	0	Normal	132	N	0	Flat	0
62	F	NAP	130	263	0	Normal	97	N	1.2	Flat	1
43	F	ASY	132	341	1	LVH	136	Y	3	Flat	1
58	F	TA	150	283	1	LVH	162	N	1	Up	0
52	M	TA	118	186	0	LVH	190	N	0	Flat	0
61	F	ASY	145	307	0	LVH	146	Y	1	Flat	1
39	M	ASY	118	219	0	Normal	140	N	1.2	Flat	1
45	M	ASY	115	260	0	LVH	185	N	0	Up	0
52	M	ASY	128	255	0	Normal	161	Y	0	Up	1
62	M	NAP	130	231	0	Normal	146	N	1.8	Flat	0
62	F	ASY	160	164	0	LVH	145	N	6.2	Down	1
53	F	ASY	138	234	0	LVH	160	N	0	Up	0
43	M	ASY	120	177	0	LVH	120	Y	2.5	Flat	1
47	M	NAP	138	257	0	LVH	156	N	0	Up	0
52	M	ATA	120	325	0	Normal	172	N	0.2	Up	0
68	M	NAP	180	274	1	LVH	150	Y	1.6	Flat	1
39	M	NAP	140	321	0	LVH	182	N	0	Up	0
53	F	ASY	130	264	0	LVH	143	N	0.4	Flat	0
62	F	ASY	140	268	0	LVH	160	N	3.6	Down	1
51	F	NAP	140	308	0	LVH	142	N	1.5	Up	0
60	M	ASY	130	253	0	Normal	144	Y	1.4	Up	1
65	M	ASY	110	248	0	LVH	158	N	0.6	Up	1
65	F	NAP	155	269	0	Normal	148	N	0.8	Up	0
60	M	NAP	140	185	0	LVH	155	N	3	Flat	1
60	M	ASY	145	282	0	LVH	142	Y	2.8	Flat	1
54	M	ASY	120	188	0	Normal	113	N	1.4	Flat	1
44	M	ATA	130	219	0	LVH	188	N	0	Up	0
44	M	ASY	112	290	0	LVH	153	N	0	Up	1
51	M	NAP	110	175	0	Normal	123	N	0.6	Up	0
59	M	NAP	150	212	1	Normal	157	N	1.6	Up	0
71	F	ATA	160	302	0	Normal	162	N	0.4	Up	0
61	M	NAP	150	243	1	Normal	137	Y	1	Flat	0
55	M	ASY	132	353	0	Normal	132	Y	1.2	Flat	1
64	M	NAP	140	335	0	Normal	158	N	0	Up	1
43	M	ASY	150	247	0	Normal	171	N	1.5	Up	0
58	F	NAP	120	340	0	Normal	172	N	0	Up	0
60	M	ASY	130	206	0	LVH	132	Y	2.4	Flat	1
58	M	ATA	120	284	0	LVH	160	N	1.8	Flat	1
49	M	ATA	130	266	0	Normal	171	N	0.6	Up	0
48	M	ATA	110	229	0	Normal	168	N	1	Down	1
52	M	NAP	172	199	1	Normal	162	N	0.5	Up	0
44	M	ATA	120	263	0	Normal	173	N	0	Up	0
56	F	ATA	140	294	0	LVH	153	N	1.3	Flat	0
57	M	ASY	140	192	0	Normal	148	N	0.4	Flat	0
67	M	ASY	160	286	0	LVH	108	Y	1.5	Flat	1
53	F	NAP	128	216	0	LVH	115	N	0	Up	0
52	M	NAP	138	223	0	Normal	169	N	0	Up	0
43	M	ASY	132	247	1	LVH	143	Y	0.1	Flat	1
52	M	ASY	128	204	1	Normal	156	Y	1	Flat	1
59	M	TA	134	204	0	Normal	162	N	0.8	Up	1
64	M	TA	170	227	0	LVH	155	N	0.6	Flat	0
66	F	NAP	146	278	0	LVH	152	N	0	Flat	0
39	F	NAP	138	220	0	Normal	152	N	0	Flat	0
57	M	ATA	154	232	0	LVH	164	N	0	Up	1
58	F	ASY	130	197	0	Normal	131	N	0.6	Flat	0
57	M	ASY	110	335	0	Normal	143	Y	3	Flat	1
47	M	NAP	130	253	0	Normal	179	N	0	Up	0
55	F	ASY	128	205	0	ST	130	Y	2	Flat	1
35	M	ATA	122	192	0	Normal	174	N	0	Up	0
61	M	ASY	148	203	0	Normal	161	N	0	Up	1
58	M	ASY	114	318	0	ST	140	N	4.4	Down	1
58	F	ASY	170	225	1	LVH	146	Y	2.8	Flat	1
58	M	ATA	125	220	0	Normal	144	N	0.4	Flat	0
56	M	ATA	130	221	0	LVH	163	N	0	Up	0
56	M	ATA	120	240	0	Normal	169	N	0	Down	0
67	M	NAP	152	212	0	LVH	150	N	0.8	Flat	1
55	F	ATA	132	342	0	Normal	166	N	1.2	Up	0
44	M	ASY	120	169	0	Normal	144	Y	2.8	Down	1
63	M	ASY	140	187	0	LVH	144	Y	4	Up	1
63	F	ASY	124	197	0	Normal	136	Y	0	Flat	1
41	M	ATA	120	157	0	Normal	182	N	0	Up	0
59	M	ASY	164	176	1	LVH	90	N	1	Flat	1
57	F	ASY	140	241	0	Normal	123	Y	0.2	Flat	1
45	M	TA	110	264	0	Normal	132	N	1.2	Flat	1
68	M	ASY	144	193	1	Normal	141	N	3.4	Flat	1
57	M	ASY	130	131	0	Normal	115	Y	1.2	Flat	1
57	F	ATA	130	236	0	LVH	174	N	0	Flat	1
38	M	NAP	138	175	0	Normal	173	N	0	Up	0



================================================
FILE: deployment/README.md
================================================
ملفات النشر توضع هنا لاحقًا.


================================================
FILE: deployment/ngrok_setup.txt
================================================
[Empty file]


================================================
FILE: models/final_model.pkl
================================================
[Binary file]


================================================
FILE: models/grid_best.json
================================================
{
  "best_score": 0.9224537037037038,
  "best_params": {
    "clf__max_depth": 10,
    "clf__min_samples_split": 2,
    "clf__n_estimators": 200
  }
}


================================================
FILE: models/metadata.json
================================================
{
  "numeric_columns": [
    "age",
    "sex",
    "cp",
    "trestbps",
    "chol",
    "fbs",
    "restecg",
    "thalach",
    "exang",
    "oldpeak",
    "slope",
    "ca",
    "thal"
  ],
  "categorical_columns": [],
  "all_columns": [
    "age",
    "sex",
    "cp",
    "trestbps",
    "chol",
    "fbs",
    "restecg",
    "thalach",
    "exang",
    "oldpeak",
    "slope",
    "ca",
    "thal"
  ],
  "target": "target",
  "best_model": "svm",
  "best_cv_roc_auc": 0.9185570987654321
}


================================================
FILE: models/metrics.json
================================================
{
  "roc_auc_full_fit": 0.9570601851851852,
  "best_model": "svm",
  "best_cv_roc_auc": 0.9185570987654321
}


================================================
FILE: models/.gitkeep
================================================
[Empty file]


================================================
FILE: notebooks/01_data_preprocessing.ipynb
================================================
# Jupyter notebook converted to Python script.

import pandas as pd, numpy as np, matplotlib.pyplot as plt, seaborn as sns
df=pd.read_csv(r'C:/Users/user/Downloads/Heart_Disease_Project/Heart_Disease_Project/data/heart.csv')
df.head()

df.describe(include='all')

plt.figure(); df.hist(figsize=(12,10)); plt.tight_layout(); plt.savefig('../results/eda_hist.png', dpi=140)

plt.figure(figsize=(9,7)); sns.heatmap(df.corr(numeric_only=True), annot=False); plt.tight_layout(); plt.savefig('../results/eda_corr.png', dpi=140)



================================================
FILE: notebooks/02_pca_analysis.ipynb
================================================
# Jupyter notebook converted to Python script.

import pandas as pd, numpy as np, matplotlib.pyplot as plt
from sklearn.preprocessing import StandardScaler
from sklearn.decomposition import PCA
df=pd.read_csv('../data/heart.csv')
X=df.drop(columns=['target']).select_dtypes(include=[int,float]).fillna(df.median(numeric_only=True))
Z=StandardScaler().fit_transform(X)
pca=PCA().fit(Z)
import numpy as np
cum=np.cumsum(pca.explained_variance_ratio_)
plt.figure(); plt.plot(range(1,len(cum)+1), cum, marker='o'); plt.xlabel('n_components'); plt.ylabel('cumulative explained variance'); plt.grid(True); plt.tight_layout(); plt.savefig('../results/pca_cumulative.png', dpi=140)



================================================
FILE: notebooks/03_feature_selection.ipynb
================================================
# Jupyter notebook converted to Python script.

import pandas as pd, numpy as np
from sklearn.preprocessing import StandardScaler, OneHotEncoder, MinMaxScaler
from sklearn.compose import ColumnTransformer
from sklearn.pipeline import Pipeline
from sklearn.impute import SimpleImputer
from sklearn.feature_selection import RFE, chi2, SelectKBest
from sklearn.linear_model import LogisticRegression
df=pd.read_csv('../data/heart.csv')
y=df['target']
x=df.drop(columns=['target'])
num=x.select_dtypes(include=[int,float]).columns.tolist()
cat=[c for c in x.columns if c not in num]
pre_num=Pipeline([('imp',SimpleImputer(strategy='median')),('sc',StandardScaler())])
pre_cat=Pipeline([('imp',SimpleImputer(strategy='most_frequent')),('oh',OneHotEncoder(handle_unknown='ignore'))])
pre=ColumnTransformer([('num',pre_num,num),('cat',pre_cat,cat)])
est=LogisticRegression(max_iter=1000,class_weight='balanced')
pipe=Pipeline([('pre',pre),('clf',est)]).fit(x,y)
rfe=RFE(estimator=LogisticRegression(max_iter=1000,class_weight='balanced'),n_features_to_select=8)
rfe=rfe.fit(pre.fit_transform(x),y)
oh=pipe.named_steps['pre'].named_transformers_['cat'].named_steps['oh'] if len(cat)>0 else None
oh_names=list(oh.get_feature_names_out(cat)) if oh is not None else []
feat=num+oh_names
import pandas as pd
pd.DataFrame({'feature':feat,'selected':rfe.get_support()}).to_csv('../results/feature_rfe.csv',index=False)
from sklearn.preprocessing import MinMaxScaler
numX=df[num].fillna(df[num].median())
chiX=MinMaxScaler().fit_transform(numX)
from sklearn.feature_selection import SelectKBest
sel=SelectKBest(chi2,k=min(8,chiX.shape[1])).fit(chiX,y)
pd.DataFrame({'feature':num,'selected':sel.get_support()}).to_csv('../results/feature_chi2.csv',index=False)



================================================
FILE: notebooks/04_supervised_learning.ipynb
================================================
# Jupyter notebook converted to Python script.

import json, numpy as np, pandas as pd
from sklearn.model_selection import StratifiedKFold, cross_validate
from sklearn.preprocessing import StandardScaler, OneHotEncoder
from sklearn.compose import ColumnTransformer
from sklearn.pipeline import Pipeline
from sklearn.impute import SimpleImputer
from sklearn.metrics import make_scorer, f1_score, precision_score, recall_score
from sklearn.linear_model import LogisticRegression
from sklearn.tree import DecisionTreeClassifier
from sklearn.ensemble import RandomForestClassifier
from sklearn.svm import SVC
df=pd.read_csv('../data/heart.csv')
y=df['target']
x=df.drop(columns=['target'])
num=x.select_dtypes(include=[int,float]).columns.tolist()
cat=[c for c in x.columns if c not in num]
pre=ColumnTransformer([('num',Pipeline([('imp',SimpleImputer(strategy='median')),('sc',StandardScaler())]),num),('cat',Pipeline([('imp',SimpleImputer(strategy='most_frequent')),('oh',OneHotEncoder(handle_unknown='ignore'))]),cat)])
models={'logreg':LogisticRegression(max_iter=1000,class_weight='balanced'),'dt':DecisionTreeClassifier(class_weight='balanced',random_state=42),'rf':RandomForestClassifier(class_weight='balanced',random_state=42),'svm':SVC(kernel='rbf',probability=True,class_weight='balanced',random_state=42)}
cv=StratifiedKFold(n_splits=5,shuffle=True,random_state=42)
scoring={'roc_auc':'roc_auc','f1':make_scorer(f1_score,zero_division=0),'precision':make_scorer(precision_score,zero_division=0),'recall':make_scorer(recall_score,zero_division=0),'accuracy':'accuracy'}
rows=[]
for name,est in models.items():
    pipe=Pipeline([('pre',pre),('clf',est)])
    s=cross_validate(pipe,x,y,cv=cv,scoring=scoring)
    rows.append({'model':name,'roc_auc':float(np.mean(s['test_roc_auc'])),'f1':float(np.mean(s['test_f1'])),'precision':float(np.mean(s['test_precision'])),'recall':float(np.mean(s['test_recall'])),'accuracy':float(np.mean(s['test_accuracy']))})
pd.DataFrame(rows).to_csv('../results/supervised_metrics.csv',index=False)
print(pd.read_csv('../results/supervised_metrics.csv'))



================================================
FILE: notebooks/05_unsupervised_learning.ipynb
================================================
# Jupyter notebook converted to Python script.

import pandas as pd, numpy as np, matplotlib.pyplot as plt
from sklearn.preprocessing import StandardScaler
from sklearn.decomposition import PCA
from sklearn.cluster import KMeans
from scipy.cluster.hierarchy import linkage, dendrogram
df=pd.read_csv('../data/heart.csv')
y=df['target']
x=df.drop(columns=['target']).select_dtypes(include=[int,float]).fillna(df.median(numeric_only=True))
Z=StandardScaler().fit_transform(x)
km=KMeans(n_clusters=3,n_init=10,random_state=42).fit(Z)
labels=km.labels_
pca=PCA(n_components=2,random_state=42).fit_transform(Z)
import pandas as pd
pd.DataFrame({'pc1':pca[:,0],'pc2':pca[:,1],'cluster':labels,'target':y}).to_csv('../results/kmeans_summary.csv',index=False)
plt.figure(); plt.scatter(pca[:,0],pca[:,1],c=labels); plt.tight_layout(); plt.savefig('../results/pca_scatter.png',dpi=140)
L=linkage(Z,method='ward')
plt.figure(figsize=(10,4)); dendrogram(L,truncate_mode='level',p=5,no_labels=True); plt.tight_layout(); plt.savefig('../results/hierarchical_dendrogram.png',dpi=140)



================================================
FILE: notebooks/06_hyperparameter_tuning.ipynb
================================================
# Jupyter notebook converted to Python script.

import numpy as np, pandas as pd, json
from sklearn.model_selection import GridSearchCV, StratifiedKFold
from sklearn.preprocessing import StandardScaler, OneHotEncoder
from sklearn.compose import ColumnTransformer
from sklearn.pipeline import Pipeline
from sklearn.impute import SimpleImputer
from sklearn.ensemble import RandomForestClassifier
df=pd.read_csv('../data/heart.csv')
y=df['target']
x=df.drop(columns=['target'])
num=x.select_dtypes(include=[int,float]).columns.tolist()
cat=[c for c in x.columns if c not in num]
pre=ColumnTransformer([('num',Pipeline([('imp',SimpleImputer(strategy='median')),('sc',StandardScaler())]),num),('cat',Pipeline([('imp',SimpleImputer(strategy='most_frequent')),('oh',OneHotEncoder(handle_unknown='ignore'))]),cat)])
est=RandomForestClassifier(class_weight='balanced',random_state=42)
pipe=Pipeline([('pre',pre),('clf',est)])
param_grid={'clf__n_estimators':[200,400],'clf__max_depth':[None,10,20],'clf__min_samples_split':[2,5]}
cv=StratifiedKFold(n_splits=5,shuffle=True,random_state=42)
g=GridSearchCV(pipe,param_grid=param_grid,cv=cv,scoring='roc_auc',n_jobs=-1).fit(x,y)
pd.DataFrame(g.cv_results_).to_csv('../results/gridsearch_rf.csv',index=False)
open('../models/grid_best.json','w',encoding='utf-8').write(json.dumps({'best_score':float(g.best_score_),'best_params':g.best_params_},ensure_ascii=False,indent=2))



================================================
FILE: reports/evaluation_metrics.txt
================================================
Best Model: svm
--------------------
mean_roc_auc: 0.9186
mean_f1: 0.8547
mean_precision: 0.8690
mean_recall: 0.8417
mean_accuracy: 0.8569



================================================
FILE: scripts/finalize_project.py
================================================
import json, os, subprocess, sys, numpy as np, pandas as pd, matplotlib.pyplot as plt
from pathlib import Path
from sklearn.model_selection import StratifiedKFold, cross_validate, GridSearchCV
from sklearn.preprocessing import StandardScaler, OneHotEncoder, MinMaxScaler
from sklearn.compose import ColumnTransformer
from sklearn.pipeline import Pipeline
from sklearn.impute import SimpleImputer
from sklearn.metrics import make_scorer, f1_score, precision_score, recall_score, roc_auc_score, roc_curve
from sklearn.linear_model import LogisticRegression
from sklearn.tree import DecisionTreeClassifier
from sklearn.ensemble import RandomForestClassifier
from sklearn.svm import SVC
from sklearn.cluster import KMeans
from sklearn.decomposition import PCA
from scipy.cluster.hierarchy import linkage, dendrogram

base = Path(__file__).resolve().parent
data_path = base/"data"/"heart.csv"
models_dir = base/"models"
results_dir = base/"results"
models_dir.mkdir(exist_ok=True)
results_dir.mkdir(exist_ok=True)

if not data_path.exists():
    print("missing data/heart.csv")
    sys.exit(1)

def ensure_trained():
    fm = models_dir/"final_model.pkl"
    if fm.exists():
        return
    cmd = [sys.executable, str(base/"src"/"train.py")]
    subprocess.run(cmd, check=True)

def supervised_metrics():
    df = pd.read_csv(data_path)
    y = df["target"]
    X = df.drop(columns=["target"])
    num = X.select_dtypes(include=[np.number]).columns.tolist()
    cat = [c for c in X.columns if c not in num]
    pre = ColumnTransformer([("num", Pipeline([("imp", SimpleImputer(strategy="median")), ("sc", StandardScaler())]), num),
                             ("cat", Pipeline([("imp", SimpleImputer(strategy="most_frequent")), ("oh", OneHotEncoder(handle_unknown="ignore"))]), cat)])
    models = {"logreg": LogisticRegression(max_iter=1000, class_weight="balanced"),
              "dt": DecisionTreeClassifier(class_weight="balanced", random_state=42),
              "rf": RandomForestClassifier(class_weight="balanced", random_state=42),
              "svm": SVC(kernel="rbf", probability=True, class_weight="balanced", random_state=42)}
    cv = StratifiedKFold(n_splits=5, shuffle=True, random_state=42)
    scoring = {"roc_auc":"roc_auc","f1": make_scorer(f1_score, zero_division=0),"precision": make_scorer(precision_score, zero_division=0),
               "recall": make_scorer(recall_score, zero_division=0),"accuracy":"accuracy"}
    rows = []
    for name, est in models.items():
        pipe = Pipeline([("pre", pre), ("clf", est)])
        s = cross_validate(pipe, X, y, cv=cv, scoring=scoring)
        rows.append({"model": name,"roc_auc": float(np.mean(s["test_roc_auc"])),"f1": float(np.mean(s["test_f1"])),
                     "precision": float(np.mean(s["test_precision"])),"recall": float(np.mean(s["test_recall"])),
                     "accuracy": float(np.mean(s["test_accuracy"]))})
    pd.DataFrame(rows).to_csv(results_dir/"supervised_metrics.csv", index=False)

def unsupervised_outputs():
    df = pd.read_csv(data_path)
    y = df["target"]
    Xn = df.drop(columns=["target"]).select_dtypes(include=[int,float]).fillna(df.median(numeric_only=True))
    Z = StandardScaler().fit_transform(Xn.values)
    km = KMeans(n_clusters=3, n_init=10, random_state=42).fit(Z)
    labs = km.labels_
    Z2 = PCA(n_components=2, random_state=42).fit_transform(Z)
    pd.DataFrame({"pc1":Z2[:,0],"pc2":Z2[:,1],"cluster":labs,"target":y.values}).to_csv(results_dir/"kmeans_summary.csv", index=False)
    plt.figure(); plt.scatter(Z2[:,0], Z2[:,1], c=labs); plt.tight_layout(); plt.savefig(results_dir/"pca_scatter.png", dpi=140)
    L = linkage(Z, method="ward")
    plt.figure(figsize=(10,4)); dendrogram(L, truncate_mode="level", p=5, no_labels=True); plt.tight_layout(); plt.savefig(results_dir/"hierarchical_dendrogram.png", dpi=140)

def gridsearch_rf():
    df = pd.read_csv(data_path)
    y = df["target"]
    X = df.drop(columns=["target"])
    num = X.select_dtypes(include=[np.number]).columns.tolist()
    cat = [c for c in X.columns if c not in num]
    pre = ColumnTransformer([("num", Pipeline([("imp", SimpleImputer(strategy="median")), ("sc", StandardScaler())]), num),
                             ("cat", Pipeline([("imp", SimpleImputer(strategy="most_frequent")), ("oh", OneHotEncoder(handle_unknown="ignore"))]), cat)])
    pipe = Pipeline([("pre", pre), ("clf", RandomForestClassifier(class_weight="balanced", random_state=42))])
    param_grid = {"clf__n_estimators":[200,400], "clf__max_depth":[None,10,20], "clf__min_samples_split":[2,5]}
    cv = StratifiedKFold(n_splits=5, shuffle=True, random_state=42)
    g = GridSearchCV(pipe, param_grid=param_grid, cv=cv, scoring="roc_auc", n_jobs=-1).fit(X, y)
    pd.DataFrame(g.cv_results_).to_csv(results_dir/"gridsearch_rf.csv", index=False)
    with open(models_dir/"grid_best.json","w",encoding="utf-8") as f:
        json.dump({"best_score": float(g.best_score_), "best_params": g.best_params_}, f, ensure_ascii=False, indent=2)

def checklist():
    needed = [
        models_dir/"final_model.pkl",
        models_dir/"metadata.json",
        models_dir/"grid_best.json",
        results_dir/"cv_scores.csv",
        results_dir/"metrics.json",
        results_dir/"evaluation_metrics.txt",
        results_dir/"roc_curve.png",
        results_dir/"supervised_metrics.csv",
        results_dir/"kmeans_summary.csv",
        results_dir/"pca_scatter.png",
        results_dir/"hierarchical_dendrogram.png",
        results_dir/"gridsearch_rf.csv",
    ]
    missing = [str(p) for p in needed if not p.exists() or (p.is_file() and p.stat().st_size==0)]
    if missing:
        print("missing:", *missing, sep="\n")
    else:
        print("all_good")

def main():
    ensure_trained()
    supervised_metrics()
    unsupervised_outputs()
    gridsearch_rf()
    checklist()

if __name__ == "__main__":
    main()



================================================
FILE: scripts/make_notebooks.py
================================================
import os, json, nbformat as nbf
from pathlib import Path

root = Path(__file__).resolve().parent
data_csv = root / "data" / "heart.csv"
notebooks = root / "notebooks"
results = root / "results"
notebooks.mkdir(exist_ok=True)
results.mkdir(exist_ok=True)

def nb(cells):
    nb = nbf.v4.new_notebook()
    nb.cells = [nbf.v4.new_code_cell(c) for c in cells]
    return nb

nb1 = nb([
f"import pandas as pd, numpy as np, matplotlib.pyplot as plt, seaborn as sns\ndf=pd.read_csv(r'{data_csv.as_posix()}')\ndf.head()",
"df.describe(include='all')",
"plt.figure(); df.hist(figsize=(12,10)); plt.tight_layout(); plt.savefig('../results/eda_hist.png', dpi=140)",
"plt.figure(figsize=(9,7)); sns.heatmap(df.corr(numeric_only=True), annot=False); plt.tight_layout(); plt.savefig('../results/eda_corr.png', dpi=140)"
])
nbf.write(nb1, open(notebooks/'01_data_preprocessing.ipynb','w',encoding='utf-8'))

nb2 = nb([
"import pandas as pd, numpy as np, matplotlib.pyplot as plt\nfrom sklearn.preprocessing import StandardScaler\nfrom sklearn.decomposition import PCA\ndf=pd.read_csv('../data/heart.csv')\nX=df.drop(columns=['target']).select_dtypes(include=[int,float]).fillna(df.median(numeric_only=True))\nZ=StandardScaler().fit_transform(X)\npca=PCA().fit(Z)\nimport numpy as np\ncum=np.cumsum(pca.explained_variance_ratio_)\nplt.figure(); plt.plot(range(1,len(cum)+1), cum, marker='o'); plt.xlabel('n_components'); plt.ylabel('cumulative explained variance'); plt.grid(True); plt.tight_layout(); plt.savefig('../results/pca_cumulative.png', dpi=140)"
])
nbf.write(nb2, open(notebooks/'02_pca_analysis.ipynb','w',encoding='utf-8'))

nb3 = nb([
"import pandas as pd, numpy as np\nfrom sklearn.preprocessing import StandardScaler, OneHotEncoder, MinMaxScaler\nfrom sklearn.compose import ColumnTransformer\nfrom sklearn.pipeline import Pipeline\nfrom sklearn.impute import SimpleImputer\nfrom sklearn.feature_selection import RFE, chi2, SelectKBest\nfrom sklearn.linear_model import LogisticRegression\ndf=pd.read_csv('../data/heart.csv')\ny=df['target']\nx=df.drop(columns=['target'])\nnum=x.select_dtypes(include=[int,float]).columns.tolist()\ncat=[c for c in x.columns if c not in num]\npre_num=Pipeline([('imp',SimpleImputer(strategy='median')),('sc',StandardScaler())])\npre_cat=Pipeline([('imp',SimpleImputer(strategy='most_frequent')),('oh',OneHotEncoder(handle_unknown='ignore'))])\npre=ColumnTransformer([('num',pre_num,num),('cat',pre_cat,cat)])\nest=LogisticRegression(max_iter=1000,class_weight='balanced')\npipe=Pipeline([('pre',pre),('clf',est)]).fit(x,y)\nrfe=RFE(estimator=LogisticRegression(max_iter=1000,class_weight='balanced'),n_features_to_select=8)\nrfe=rfe.fit(pre.fit_transform(x),y)\noh=pipe.named_steps['pre'].named_transformers_['cat'].named_steps['oh'] if len(cat)>0 else None\noh_names=list(oh.get_feature_names_out(cat)) if oh is not None else []\nfeat=num+oh_names\nimport pandas as pd\npd.DataFrame({'feature':feat,'selected':rfe.get_support()}).to_csv('../results/feature_rfe.csv',index=False)\nfrom sklearn.preprocessing import MinMaxScaler\nnumX=df[num].fillna(df[num].median())\nchiX=MinMaxScaler().fit_transform(numX)\nfrom sklearn.feature_selection import SelectKBest\nsel=SelectKBest(chi2,k=min(8,chiX.shape[1])).fit(chiX,y)\npd.DataFrame({'feature':num,'selected':sel.get_support()}).to_csv('../results/feature_chi2.csv',index=False)"
])
nbf.write(nb3, open(notebooks/'03_feature_selection.ipynb','w',encoding='utf-8'))

nb4 = nb([
"import json, numpy as np, pandas as pd\nfrom sklearn.model_selection import StratifiedKFold, cross_validate\nfrom sklearn.preprocessing import StandardScaler, OneHotEncoder\nfrom sklearn.compose import ColumnTransformer\nfrom sklearn.pipeline import Pipeline\nfrom sklearn.impute import SimpleImputer\nfrom sklearn.metrics import make_scorer, f1_score, precision_score, recall_score\nfrom sklearn.linear_model import LogisticRegression\nfrom sklearn.tree import DecisionTreeClassifier\nfrom sklearn.ensemble import RandomForestClassifier\nfrom sklearn.svm import SVC\ndf=pd.read_csv('../data/heart.csv')\ny=df['target']\nx=df.drop(columns=['target'])\nnum=x.select_dtypes(include=[int,float]).columns.tolist()\ncat=[c for c in x.columns if c not in num]\npre=ColumnTransformer([('num',Pipeline([('imp',SimpleImputer(strategy='median')),('sc',StandardScaler())]),num),('cat',Pipeline([('imp',SimpleImputer(strategy='most_frequent')),('oh',OneHotEncoder(handle_unknown='ignore'))]),cat)])\nmodels={'logreg':LogisticRegression(max_iter=1000,class_weight='balanced'),'dt':DecisionTreeClassifier(class_weight='balanced',random_state=42),'rf':RandomForestClassifier(class_weight='balanced',random_state=42),'svm':SVC(kernel='rbf',probability=True,class_weight='balanced',random_state=42)}\ncv=StratifiedKFold(n_splits=5,shuffle=True,random_state=42)\nscoring={'roc_auc':'roc_auc','f1':make_scorer(f1_score,zero_division=0),'precision':make_scorer(precision_score,zero_division=0),'recall':make_scorer(recall_score,zero_division=0),'accuracy':'accuracy'}\nrows=[]\nfor name,est in models.items():\n    pipe=Pipeline([('pre',pre),('clf',est)])\n    s=cross_validate(pipe,x,y,cv=cv,scoring=scoring)\n    rows.append({'model':name,'roc_auc':float(np.mean(s['test_roc_auc'])),'f1':float(np.mean(s['test_f1'])),'precision':float(np.mean(s['test_precision'])),'recall':float(np.mean(s['test_recall'])),'accuracy':float(np.mean(s['test_accuracy']))})\npd.DataFrame(rows).to_csv('../results/supervised_metrics.csv',index=False)\nprint(pd.read_csv('../results/supervised_metrics.csv'))"
])
nbf.write(nb4, open(notebooks/'04_supervised_learning.ipynb','w',encoding='utf-8'))

nb5 = nb([
"import pandas as pd, numpy as np, matplotlib.pyplot as plt\nfrom sklearn.preprocessing import StandardScaler\nfrom sklearn.decomposition import PCA\nfrom sklearn.cluster import KMeans\nfrom scipy.cluster.hierarchy import linkage, dendrogram\ndf=pd.read_csv('../data/heart.csv')\ny=df['target']\nx=df.drop(columns=['target']).select_dtypes(include=[int,float]).fillna(df.median(numeric_only=True))\nZ=StandardScaler().fit_transform(x)\nkm=KMeans(n_clusters=3,n_init=10,random_state=42).fit(Z)\nlabels=km.labels_\npca=PCA(n_components=2,random_state=42).fit_transform(Z)\nimport pandas as pd\npd.DataFrame({'pc1':pca[:,0],'pc2':pca[:,1],'cluster':labels,'target':y}).to_csv('../results/kmeans_summary.csv',index=False)\nplt.figure(); plt.scatter(pca[:,0],pca[:,1],c=labels); plt.tight_layout(); plt.savefig('../results/pca_scatter.png',dpi=140)\nL=linkage(Z,method='ward')\nplt.figure(figsize=(10,4)); dendrogram(L,truncate_mode='level',p=5,no_labels=True); plt.tight_layout(); plt.savefig('../results/hierarchical_dendrogram.png',dpi=140)"
])
nbf.write(nb5, open(notebooks/'05_unsupervised_learning.ipynb','w',encoding='utf-8'))

nb6 = nb([
"import numpy as np, pandas as pd, json\nfrom sklearn.model_selection import GridSearchCV, StratifiedKFold\nfrom sklearn.preprocessing import StandardScaler, OneHotEncoder\nfrom sklearn.compose import ColumnTransformer\nfrom sklearn.pipeline import Pipeline\nfrom sklearn.impute import SimpleImputer\nfrom sklearn.ensemble import RandomForestClassifier\ndf=pd.read_csv('../data/heart.csv')\ny=df['target']\nx=df.drop(columns=['target'])\nnum=x.select_dtypes(include=[int,float]).columns.tolist()\ncat=[c for c in x.columns if c not in num]\npre=ColumnTransformer([('num',Pipeline([('imp',SimpleImputer(strategy='median')),('sc',StandardScaler())]),num),('cat',Pipeline([('imp',SimpleImputer(strategy='most_frequent')),('oh',OneHotEncoder(handle_unknown='ignore'))]),cat)])\nest=RandomForestClassifier(class_weight='balanced',random_state=42)\npipe=Pipeline([('pre',pre),('clf',est)])\nparam_grid={'clf__n_estimators':[200,400],'clf__max_depth':[None,10,20],'clf__min_samples_split':[2,5]}\ncv=StratifiedKFold(n_splits=5,shuffle=True,random_state=42)\ng=GridSearchCV(pipe,param_grid=param_grid,cv=cv,scoring='roc_auc',n_jobs=-1).fit(x,y)\npd.DataFrame(g.cv_results_).to_csv('../results/gridsearch_rf.csv',index=False)\nopen('../models/grid_best.json','w',encoding='utf-8').write(json.dumps({'best_score':float(g.best_score_),'best_params':g.best_params_},ensure_ascii=False,indent=2))"
])
nbf.write(nb6, open(notebooks/'06_hyperparameter_tuning.ipynb','w',encoding='utf-8'))

print("Notebooks created in:", notebooks.as_posix())



================================================
FILE: src/heart_disease/__init__.py
================================================
[Empty file]


================================================
FILE: src/heart_disease/dataset.py
================================================
[Binary file]


================================================
FILE: src/heart_disease/features.py
================================================
import pandas as pd
from sklearn.pipeline import Pipeline
from sklearn.compose import ColumnTransformer
from sklearn.preprocessing import StandardScaler, OneHotEncoder
from sklearn.impute import SimpleImputer
import logging

logger = logging.getLogger(__name__)

def get_preprocessor() -> ColumnTransformer:
    """
    يبني Pipeline موحد لمعالجة البيانات الرقمية والنصية.
    هذا هو "السورس الوحيد" للمعالجة في المشروع بأكمله.
    """
    # 1. تحديد الأعمدة بناءً على نوعها
    numeric_features = ['Age', 'RestingBP', 'Cholesterol', 'FastingBS', 'MaxHR', 'Oldpeak']
    categorical_features = ['Sex', 'ChestPainType', 'RestingECG', 'ExerciseAngina', 'ST_Slope']

    # 2. معالجة الأرقام: سد الفراغات بالمتوسط (إن وجدت) ثم التقييس
    numeric_transformer = Pipeline(steps=[
        ('imputer', SimpleImputer(strategy='median')),
        ('scaler', StandardScaler())
    ])

    # 3. معالجة النصوص: سد الفراغات ثم تحويلها لأرقام (One-Hot Encoding)
    categorical_transformer = Pipeline(steps=[
        ('imputer', SimpleImputer(strategy='most_frequent')),
        ('onehot', OneHotEncoder(handle_unknown='ignore'))
    ])

    # 4. دمج المعالجين في محول واحد
    preprocessor = ColumnTransformer(
        transformers=[
            ('num', numeric_transformer, numeric_features),
            ('cat', categorical_transformer, categorical_features)
        ])
    
    return preprocessor

if __name__ == "__main__":
    # تجربة سريعة للتأكد من عمل الـ Pipeline
    import sys
    from pathlib import Path
    
    # إضافة مسار المشروع للتمكن من استدعاء dataset
    root_dir = Path(__file__).resolve().parents[2]
    sys.path.append(str(root_dir))
    
    from src.heart_disease.dataset import load_raw_data
    
    try:
        # تحميل البيانات
        df = load_raw_data()
        X = df.drop(columns=['HeartDisease'])
        
        # استدعاء وتطبيق المعالجة
        preprocessor = get_preprocessor()
        X_processed = preprocessor.fit_transform(X)
        
        print("\n--- نجاح المعالجة! ---")
        print(f"شكل البيانات قبل المعالجة: {X.shape}")
        print(f"شكل البيانات بعد المعالجة (بسبب One-Hot Encoding): {X_processed.shape}")
        
    except Exception as e:
        print(f"حدث خطأ: {e}")


================================================
FILE: src/heart_disease/plots.py
================================================
[Empty file]


================================================
FILE: src/heart_disease/modeling/predict.py
================================================
import joblib
import pandas as pd
from pathlib import Path
import logging

# إعداد الـ Logger
logging.basicConfig(level=logging.INFO, format='%(asctime)s - %(levelname)s - %(message)s')
logger = logging.getLogger(__name__)

def predict_patient(patient_data: dict):
    """
    يتلقى بيانات المريض الخام (نصوص وأرقام)، يمررها عبر الـ Pipeline الجاهز، ويعيد التوقع.
    
    Args:
        patient_data (dict): قاموس ببيانات المريض مثل:
                             {'Age': 50, 'Sex': 'M', 'ChestPainType': 'ATA', ...}
                             يجب أن تكون القيم النصية (Categories) مطابقة للقيم الأصلية في CSV.
    """
    # 1. تحديد مسار الموديل ديناميكياً
    root_dir = Path(__file__).resolve().parents[3]
    model_path = root_dir / "models" / "final_model.pkl"
    
    if not model_path.exists():
        logger.error(f"الموديل غير موجود في: {model_path}")
        raise FileNotFoundError(f"لم يتم العثور على ملف final_model.pkl في مجلد models.")
        
    # 2. تحميل الموديل المجمع (بما في ذلك Pipeline المعالجة)
    logger.info("جاري تحميل الموديل والـ Pipeline...")
    final_pipeline = joblib.load(model_path)
    
    # 3. تحويل القاموس إلى DataFrame (خطوة إجبارية لعمل الـ Scikit-Learn Pipeline)
    df = pd.DataFrame([patient_data])
    
    # 4. التوقع عبر خط الإنتاج الشامل (التحويل والتصنيف يحدث هنا تلقائياً)
    logger.info("جاري المعالجة وعمل التنبؤ...")
    prediction = final_pipeline.predict(df)
    probability = final_pipeline.predict_proba(df)
    
    # النتيجة النهائية: 1 (مصاب) أو 0 (سليم)
    is_risk = int(prediction[0])
    risk_prob = float(probability[0][1])
    
    logger.info(f"النتيجة: {is_risk}، احتمالية: {risk_prob:.2f}")
    
    return is_risk, risk_prob

if __name__ == "__main__":
    # حالة تجريبية لمريض مصاب (بيانات خام نصية مطابقة لـ CSV)
    test_patient = {
        'Age': 49, 'Sex': 'F', 'ChestPainType': 'NAP', 'RestingBP': 160, 
        'Cholesterol': 180, 'FastingBS': 0, 'RestingECG': 'Normal', 
        'MaxHR': 156, 'ExerciseAngina': 'N', 'Oldpeak': 1.0, 'ST_Slope': 'Flat'
    }
    
    try:
        # تشغيل التنبؤ (Inference)
        res, prob = predict_patient(test_patient)
        print(f"\n--- نتيجة فحص V2 ---\nالتشخيص: {res}\nالاحتمالية: {prob:.2%}")
    except Exception as e:
        print(f"حدث خطأ: {e}")


================================================
FILE: src/heart_disease/modeling/train.py
================================================
import sys
from pathlib import Path
import joblib
import logging
from sklearn.model_selection import train_test_split
from sklearn.ensemble import RandomForestClassifier, GradientBoostingClassifier, StackingClassifier
from sklearn.svm import SVC
from sklearn.linear_model import LogisticRegression
from sklearn.pipeline import Pipeline
from sklearn.metrics import accuracy_score, classification_report

# إعداد مسجل الأحداث
logging.basicConfig(level=logging.INFO, format='%(asctime)s - %(levelname)s - %(message)s')
logger = logging.getLogger(__name__)

# تحديد المسار الجذري للمشروع ديناميكياً (نصعد 3 مستويات من هذا الملف)
root_dir = Path(__file__).resolve().parents[3]
sys.path.append(str(root_dir))

# استدعاء أدواتنا الخاصة من الملفات التي صنعناها
from src.heart_disease.dataset import load_raw_data
from src.heart_disease.features import get_preprocessor

def train_model():
    # 1. جلب البيانات
    logger.info("جاري تحميل البيانات من المحرك...")
    df = load_raw_data()
    X = df.drop(columns=['HeartDisease'])
    y = df['HeartDisease']

    # 2. تقسيم البيانات (تدريب واختبار) مع الحفاظ على التوازن الطبقي (stratify)
    X_train, X_test, y_train, y_test = train_test_split(X, y, test_size=0.2, random_state=42, stratify=y)

    # 3. جلب الـ Pipeline الخاص بالمعالجة
    preprocessor = get_preprocessor()

    # 4. بناء معمارية V2: Stacking Ensemble
    logger.info("جاري بناء معمارية الذكاء المجمّع (Stacking Ensemble)...")
    base_estimators = [
        ('rf', RandomForestClassifier(n_estimators=100, random_state=42)),
        ('svc', SVC(probability=True, random_state=42)),
        ('gb', GradientBoostingClassifier(n_estimators=100, random_state=42))
    ]
    
    # النموذج النهائي الذي سيتخذ القرار بناءً على مخرجات النماذج الثلاثة
    stacking_clf = StackingClassifier(
        estimators=base_estimators,
        final_estimator=LogisticRegression(),
        cv=5
    )

    # 5. دمج المعالجة والتدريب في خط إنتاج واحد (Pipeline نهائي)
    final_pipeline = Pipeline(steps=[
        ('preprocessor', preprocessor),
        ('classifier', stacking_clf)
    ])

    # 6. بدء التدريب
    logger.info("جاري تدريب النماذج... (قد يستغرق بعض الوقت)")
    final_pipeline.fit(X_train, y_train)

    # 7. التقييم وعرض النتائج
    logger.info("جاري تقييم النموذج...")
    y_pred = final_pipeline.predict(X_test)
    accuracy = accuracy_score(y_test, y_pred)
    logger.info(f"الدقة النهائية (Accuracy): {accuracy * 100:.2f}%")
    logger.info("\n" + classification_report(y_test, y_pred))

    # 8. حفظ النموذج في مجلد models
    model_path = root_dir / "models" / "final_model.pkl"
    joblib.dump(final_pipeline, model_path)
    logger.info(f"تم حفظ النموذج الجاهز بنجاح في: {model_path}")

if __name__ == "__main__":
    train_model()


================================================
FILE: src/heart_disease/modeling/unsupervised.py
================================================
import numpy as np
import pandas as pd
from pathlib import Path
import matplotlib.pyplot as plt
from sklearn.preprocessing import StandardScaler
from sklearn.decomposition import PCA
from sklearn.cluster import KMeans

base = Path(__file__).resolve().parents[1]
data_path = base / "data" / "heart.csv"
df = pd.read_csv(data_path)
y = df["target"]
X = df.drop(columns=["target"])
X_num = X.select_dtypes(include=[np.number]).copy()
X_num = X_num.fillna(X_num.median())
sc = StandardScaler()
Z = sc.fit_transform(X_num.values)
pca = PCA(n_components=2, random_state=42)
Z2 = pca.fit_transform(Z)
km = KMeans(n_clusters=3, n_init=10, random_state=42)
labels = km.fit_predict(Z)
res = pd.DataFrame({"pc1":Z2[:,0],"pc2":Z2[:,1],"cluster":labels,"target":y.values})
results_dir = base / "results"
results_dir.mkdir(exist_ok=True)
res.to_csv(results_dir / "kmeans_summary.csv", index=False)
plt.figure()
plt.scatter(res["pc1"], res["pc2"], c=res["cluster"])
plt.xlabel("PC1")
plt.ylabel("PC2")
plt.tight_layout()
plt.savefig(results_dir / "pca_scatter.png", dpi=160)


================================================
FILE: ui/app.py
================================================
import sys
import pandas as pd
from pathlib import Path
import streamlit as st

# 1. إعداد المسارات للربط مع المحرك الخلفي (Backend)
root_dir = Path(__file__).resolve().parents[1]
sys.path.append(str(root_dir))

# استدعاء دالة الاستنتاج من ملف predict.py
from src.heart_disease.modeling.predict import predict_patient

# 2. إعدادات الصفحة
st.set_page_config(
    page_title="نظام التشخيص الطبي لأمراض القلب",
    page_icon="🩺",
    layout="wide"
)

# 3. حقن CSS (تصميمك السريري الاحترافي)
st.markdown("""
    <style>
    /* تكبير الخطوط في كامل التطبيق */
    html, body, [class*="css"] { font-size: 1.15rem !important; }
    
    /* تغيير لون الأزرار إلى الأزرق الطبي */
    .stButton>button {
        background-color: #005b96;
        color: white;
        font-weight: bold;
        border-radius: 6px;
        padding: 0.5rem 1rem;
        border: none;
    }
    .stButton>button:hover { background-color: #004370; }
    
    /* تخصيص صناديق المقاييس */
    [data-testid="metric-container"] {
        background-color: #eaf4fc !important;
        border-right: 5px solid #005b96 !important;
        padding: 15px !important;
        border-radius: 5px !important;
    }
    
    /* إجبار كافة النصوص داخل الصندوق على اللون الكحلي الداكن */
    [data-testid="metric-container"] * { color: #002244 !important; }
    
    /* تلوين العناوين */
    h1, h2, h3 { color: #005b96 !important; }
    </style>
    """, unsafe_allow_html=True)

# 4. الواجهة الرئيسية
st.title("🩺 السجل الطبي: تقييم مخاطر أمراض القلب (V2)")
st.markdown("يرجى إدخال القيم المخبرية والسريرية بدقة في الحقول المخصصة أدناه.")

# الحاوية الرئيسية للنموذج
with st.container():
    st.subheader("البيانات السريرية للمريض")
    
    c1, c2, c3 = st.columns(3)
    
    with c1:
        age = st.number_input("العمر (سنوات)", min_value=20, max_value=100, value=50, step=1)
        sex_ar = st.selectbox("الجنس", ["أنثى", "ذكر"], index=1)
        cp_ar = st.selectbox("نوع ألم الصدر", ["نموذجي", "غير نمطي", "بدون ألم", "إقفاري"])
        trestbps = st.number_input("ضغط الدم الانقباضي (الراحة)", min_value=80, max_value=220, value=120, step=1)

    with c2:
        chol = st.number_input("الكولسترول الكلي (mg/dl)", min_value=100, max_value=600, value=200, step=1)
        fbs_ar = st.selectbox("سكر صائم ≥ 120 mg/dl", ["لا", "نعم"], index=0)
        restecg_ar = st.selectbox("نتائج تخطيط القلب", ["طبيعي", "شذوذ ST-T", "تضخم البطين الأيسر"])
        thalach = st.number_input("أقصى نبض تم الوصول إليه", min_value=60, max_value=220, value=150, step=1)

    with c3:
        exang_ar = st.selectbox("ألم صدري ناتج عن مجهود", ["لا", "نعم"], index=0)
        oldpeak = st.number_input("انخفاض ST (Oldpeak)", min_value=0.0, max_value=6.0, value=1.0, step=0.1, format="%.1f")
        slope_ar = st.selectbox("ميل مقطع ST", ["هابط", "مسطّح", "صاعد"], index=1)

st.markdown("---")

col_action1, col_action2 = st.columns([1, 3])
with col_action1:
    analyze_btn = st.button("استخراج التقرير الطبي", use_container_width=True)
with col_action2:
    thr = st.number_input("عتبة القرار السريري (Threshold)", min_value=0.10, max_value=0.90, value=0.50, step=0.05)

# 5. معالجة البيانات والتشخيص
if analyze_btn:
    
    # تحويل الاختيارات العربية إلى النصوص الدقيقة التي يفهمها الـ Pipeline
    # لا نستخدم أرقام (0, 1) للـ Categories، لأن OneHotEncoder يتوقع النصوص الأصلية
    ui_to_model_map = {
        'sex': {"ذكر": "M", "أنثى": "F"},
        'cp': {"نموذجي": "TA", "غير نمطي": "ATA", "بدون ألم": "ASY", "إقفاري": "NAP"},
        'fbs': {"لا": 0, "نعم": 1}, # هذا رقمي في البيانات الأصلية
        'restecg': {"طبيعي": "Normal", "شذوذ ST-T": "ST", "تضخم البطين الأيسر": "LVH"},
        'exang': {"لا": "N", "نعم": "Y"},
        'slope': {"صاعد": "Up", "مسطّح": "Flat", "هابط": "Down"}
    }
    
    # بناء قاموس متطابق 100% مع أسماء أعمدة V2
    patient_data = {
        "Age": age,
        "Sex": ui_to_model_map['sex'][sex_ar],
        "ChestPainType": ui_to_model_map['cp'][cp_ar],
        "RestingBP": trestbps,
        "Cholesterol": chol,
        "FastingBS": ui_to_model_map['fbs'][fbs_ar],
        "RestingECG": ui_to_model_map['restecg'][restecg_ar],
        "MaxHR": thalach,
        "ExerciseAngina": ui_to_model_map['exang'][exang_ar],
        "Oldpeak": oldpeak,
        "ST_Slope": ui_to_model_map['slope'][slope_ar]
    }
    
    try:
        # إرسال البيانات للمحرك الخلفي واستقبال النتائج
        _, risk_probability = predict_patient(patient_data)
        
        # تطبيق عتبة القرار السريري (Threshold) الخاصة بك
        is_risk = risk_probability >= thr
        
        st.markdown("### 📋 التقرير التشخيصي")
        r1, r2 = st.columns([1, 2])
        
        with r1:
            st.metric("احتمالية الخطر المئوية", f"{risk_probability:.1%}")
            
        with r2:
            if is_risk:
                st.error(f"تنبيه: احتمالية الإصابة تجاوزت العتبة السريرية المحددة ({thr:.0%}). يُنصح بتحويل المريض لتقييم قلبي شامل.")
            else:
                st.success(f"تقييم النظام: المؤشرات دون عتبة الخطر ({thr:.0%}). لا توجد علامات خطورة حادة حالياً.")
                
    except Exception as e:
        st.error(f"حدث خطأ في النظام الخلفي: {str(e)}")


================================================
FILE: .devcontainer/devcontainer.json
================================================
{
  "name": "Python 3",
  // Or use a Dockerfile or Docker Compose file. More info: https://containers.dev/guide/dockerfile
  "image": "mcr.microsoft.com/devcontainers/python:1-3.11-bookworm",
  "customizations": {
    "codespaces": {
      "openFiles": [
        "README.md",
        "ui/app.py"
      ]
    },
    "vscode": {
      "settings": {},
      "extensions": [
        "ms-python.python",
        "ms-python.vscode-pylance"
      ]
    }
  },
  "updateContentCommand": "[ -f packages.txt ] && sudo apt update && sudo apt upgrade -y && sudo xargs apt install -y <packages.txt; [ -f requirements.txt ] && pip3 install --user -r requirements.txt; pip3 install --user streamlit; echo '✅ Packages installed and Requirements met'",
  "postAttachCommand": {
    "server": "streamlit run ui/app.py --server.enableCORS false --server.enableXsrfProtection false"
  },
  "portsAttributes": {
    "8501": {
      "label": "Application",
      "onAutoForward": "openPreview"
    }
  },
  "forwardPorts": [
    8501
  ]
}


================================================
FILE: .github/workflows/ci.yml
================================================
name: CI
on:
  push:
  pull_request:

jobs:
  build:
    runs-on: ubuntu-latest
    steps:
      - uses: actions/checkout@v4

      - name: Set up Python
        uses: actions/setup-python@v5
        with:
          python-version: "3.11"
          cache: "pip"

      - name: Install deps
        run: |
          python -m pip install --upgrade pip
          pip install -r requirements.txt

      - name: Smoke test
        run: |
          python -V
          python -c "import streamlit, sklearn, pandas, numpy; print('ok')"
          python src/train.py -h 2> /dev/null || true


